"bush","state","weight.index","edu","female","black","age"
1,39,-0.317052349886409,4,1,0,37.3866596003063
0,31,-0.395934992759629,2,1,0,55.7911103917286
0,7,-0.0553053985343616,3,1,0,23.9435316622257
1,33,-0.428205164844128,2,1,0,38.1473481981084
1,33,-0.489877049272282,4,1,0,58.088250325527
1,39,0.381417597009192,2,0,0,38.8165181269869
1,20,-0.074667501785061,2,1,0,56.098756371066
0,33,-0.0832728810075941,4,0,0,43.1889769830741
0,40,2.21651471621437,1,0,0,41.8373407004401
0,31,-0.517127416810303,4,1,0,32.1581448963843
1,33,0.151940817741643,3,1,0,52.5378068652935
1,33,-0.517127416810303,4,1,0,31.6875966498628
0,31,-0.317052349886409,4,1,0,37.0245198206976
0,22,-0.317052349886409,4,1,0,30.6359969382174
1,31,-0.309881200534298,2,0,0,56.9699502689764
1,39,1.21255380691885,1,0,0,54.9006044957787
0,31,-0.315618120015987,2,1,0,21.0643907659687
0,33,-0.16645821349208,3,0,0,32.4885638500564
0,33,-0.329243303784998,3,1,0,57.1615963615477
0,7,0.302534954135972,2,0,0,26.1679233214818
1,39,0.0493933820064576,2,0,0,46.5220398991369
0,33,-0.209485109604746,4,0,0,37.143870939035
1,33,-0.209485109604746,4,0,0,32.0053616072983
0,22,-0.217373373892068,4,1,0,48.697683122009
1,31,-0.207333764799113,2,0,0,26.2538981786929
1,31,-0.217373373892068,4,1,0,44.3927041091956
0,31,-0.458323992122994,3,1,0,56.4814576692879
0,22,0.957978004918908,1,0,0,34.6397102368064
0,33,-0.112674593351249,2,1,0,49.0584528818727
0,44,1.1774151750935,1,0,0,58.9050822798163
0,22,-0.441830348613139,3,0,0,36.8164590187371
0,39,-0.209485109604746,4,0,0,34.9757091444917
0,33,0.961563579594964,3,0,0,24.3821830744855
0,10,-0.150681684917436,2,1,0,31.514902911149
1,31,0.0436564625247688,1,1,0,56.4319853414781
1,4,0.469622734040156,2,1,0,40.4580111941323
1,31,-0.415297096010329,2,1,0,43.0399112962186
0,44,-0.0947467199709715,4,0,0,45.4625252611004
1,14,-0.140642075824481,2,1,0,34.2385951685719
1,41,-0.0947467199709715,4,0,0,41.0572195518762
1,22,-0.241038166754034,4,1,0,26.0525289084762
1,10,0.283889965820484,1,0,0,23.8925044797361
1,41,-0.32422349923852,4,1,0,37.4534193240106
1,39,-0.29769024663571,3,0,0,23.4127445914783
1,41,-0.32422349923852,4,1,0,35.4248861898668
1,19,0.411536424288058,2,0,0,44.7572853416204
0,14,-0.140642075824481,2,1,0,34.013559340965
0,47,-0.520712991486359,4,1,0,38.5545643838122
0,37,0.0400708878487134,1,1,0,43.2736383192241
0,22,-0.241038166754034,4,1,0,29.6322909160517
1,31,0.0536960716177241,1,1,0,46.057352561038
0,11,-0.290519097283599,3,1,0,32.6858302787878
1,36,0.121104875527567,3,0,0,24.704491563607
1,24,-0.351473866776542,2,0,0,37.3807779001072
1,19,-0.150681684917436,2,1,0,36.6414718772285
1,7,-0.16645821349208,3,0,0,38.5571574466303
1,25,-0.124865547249837,4,0,0,25.2010280266404
0,9,-0.137056501148426,4,1,1,34.7283559059724
0,47,0.0300312787557581,1,1,0,59.2513377941214
0,17,0.246599989189507,1,0,0,50.2556410222314
0,26,-0.428922279779339,2,1,0,38.3668585284613
0,49,-0.150681684917436,2,1,0,39.5949603477493
1,14,-0.210202224539957,4,0,0,35.2094454620965
0,18,-0.290519097283599,3,1,0,34.5354799600318
0,21,-0.520712991486359,4,1,0,33.293594410643
1,37,-0.471949175892005,4,1,0,40.0851494376548
1,41,2.47109051821431,2,0,1,28.8405404146761
1,11,-0.0674963524329501,3,1,0,29.8862194083631
1,43,-0.290519097283599,3,1,0,30.4889800748788
0,14,-0.558720083052547,4,0,0,42.3427573475055
1,33,0.811686558135846,2,0,0,21.7595389299095
1,25,-0.216656258956857,2,0,0,22.8869508369826
1,49,-0.290519097283599,3,1,0,32.0818398892879
1,19,-0.32422349923852,4,1,0,36.7025437345728
1,25,-0.124148432314626,2,1,0,48.2839068444446
1,44,-0.21880760376249,4,0,0,31.6350552812219
1,43,2.16344821100875,1,0,0,49.9609040794894
1,47,-0.175780707649825,3,0,0,37.1727919206023
0,14,0.0142547501811142,2,0,0,37.626626836136
1,19,-0.401671912241318,2,1,0,54.5920000225306
1,17,0.810252328265424,1,0,0,24.0058920369484
1,34,0.796627144496413,1,1,0,40.7149078603834
1,11,-0.340717142748375,2,0,0,44.323961166665
1,44,-0.0165811920329627,4,1,0,26.5160659560934
1,24,-0.114108823221671,4,0,0,21.0995951388031
1,10,1.02968949844002,2,1,1,27.3566149524413
0,10,-0.270439879097688,4,1,0,54.6427088463679
1,14,0.0859662437022231,2,1,0,25.2667575189844
0,36,0.121104875527567,3,0,0,25.1091391430236
0,41,0.784436190597825,2,0,0,21.3100448669866
0,11,1.2032313127611,1,0,0,43.1704631308094
0,44,-0.538640864866636,3,1,1,42.9406654485501
0,11,0.0723410599332124,2,1,0,23.5262415721081
1,10,-0.175780707649825,3,0,0,38.0132197216153
0,44,-0.467646486280738,4,0,0,32.1692348807119
0,14,-0.417448440815962,4,1,0,33.2952919974923
0,50,-0.0918782602301271,3,0,0,43.3330287085846
0,44,-0.2517948907822,2,1,1,55.5285454518162
0,21,0.00206379628252563,2,0,0,34.450905865524
1,21,-0.0947467199709715,4,0,0,45.5780071858317
0,43,-0.401671912241318,2,1,0,57.5491971825249
0,18,0.0723410599332124,2,1,0,24.5443632197566
0,23,0.30110072426555,2,0,0,22.3285799194127
1,26,0.147638128130377,2,1,0,36.9215544615872
1,47,0.927859177640042,1,0,0,35.4672975628637
1,19,-0.397369222630051,3,1,0,35.43558297446
0,10,0.283889965820484,2,0,0,28.7244730163366
1,34,-0.0947467199709715,4,0,0,45.5566615029238
1,44,-0.124148432314626,2,1,0,41.4491744991392
0,10,0.428030067797913,2,0,1,37.0770001481287
1,15,0.28102150607964,4,1,0,42.1609764685854
1,25,0.519103664569721,3,0,0,20.7243833784014
0,23,-0.395934992759629,2,1,0,52.7545128599741
0,44,-0.0674963524329501,3,1,0,29.6458074147813
1,34,-0.150681684917436,2,1,0,33.8243978586979
1,34,-0.322789269368098,1,1,0,28.084569266066
1,44,0.0300312787557581,1,1,0,59.3746549147181
1,47,-0.0674963524329501,3,1,0,23.6065858392976
1,49,0.796627144496413,1,1,0,49.5435678749345
1,18,0.927859177640042,1,0,0,37.2179476101883
1,10,0.105328346952923,1,0,0,36.4825729839504
0,23,0.134012944361366,2,1,1,39.6010840963572
0,10,-0.357927901193441,2,0,0,35.7545392867178
0,24,3.13800740796062,1,0,0,50.3148092352785
0,44,-0.216656258956857,1,0,0,27.6203174749389
1,14,-0.467646486280738,4,1,0,47.9255993943661
0,49,-0.150681684917436,2,1,0,33.1573186768219
0,10,-0.144944765435748,2,0,1,39.2678226646967
1,43,-0.0861413407484384,2,1,0,58.3263221057132
1,3,-0.002956008263952,3,1,0,35.3744934615679
0,13,-0.27832814338501,4,1,0,39.2958422121592
0,44,-0.226695868049812,4,1,0,44.3546922178939
1,14,-0.262551614810366,4,1,0,56.7837960994802
1,44,-0.270439879097688,4,1,0,57.0974865136668
1,36,-0.140642075824481,2,1,0,30.1770606124774
1,25,-0.32422349923852,4,1,0,35.2122935163788
1,49,0.776547926310503,1,1,0,51.4859120594338
0,47,-0.226695868049812,4,1,0,49.5524647436105
1,48,-0.0847071108780162,2,1,0,36.2525372253731
1,10,-0.405974601852584,4,0,0,46.0810438776389
0,16,-0.479837440179327,4,1,0,29.1648312285542
0,41,0.519103664569721,3,0,0,21.8277924880385
1,44,-0.150681684917436,4,0,0,59.6917883679271
1,36,0.121104875527567,3,0,0,29.1141788335517
1,24,-0.0560225134695726,3,1,0,20.5812526959926
1,48,0.973037418558341,1,1,0,44.5659384364262
1,36,-0.0560225134695726,3,1,0,27.4791909754276
1,14,0.0228601294036472,3,1,0,47.6575870579109
1,10,0.519103664569721,3,0,0,20.390402325429
1,28,0.802364063978102,1,1,0,56.0430306312628
1,5,-0.438961888872295,4,0,0,38.6314905807376
0,24,0.430898527538757,2,0,0,48.990132517647
0,8,-0.357927901193441,2,0,0,31.8612051312812
0,5,0.23512615022613,3,1,0,31.3945330982096
0,23,-0.140642075824481,2,1,0,33.2034267112613
0,28,0.486833492485222,2,1,0,24.5546095725149
1,35,-0.210202224539957,4,0,0,30.9114330867305
0,5,0.00851783069942544,3,1,0,23.9471542369574
0,3,0.973037418558341,1,1,0,48.4605887904763
1,10,-0.21880760376249,4,0,0,32.1102521731518
1,48,0.40006258532468,2,0,0,24.6376560069621
1,28,0.233691920355708,4,1,0,24.4594911043532
1,44,-0.250360660911778,4,0,0,41.3814647775143
0,23,0.121104875527567,3,0,0,28.4373788721859
1,14,0.0859662437022231,2,1,0,28.0528043839149
0,26,-0.428922279779339,2,1,0,33.260789164342
1,23,-0.00439023813437418,4,1,0,22.2149793454446
0,18,-0.420316900556806,2,1,0,46.0864260420203
1,17,-0.140642075824481,2,1,0,32.5245410925709
0,14,0.243014414513452,3,1,1,38.1276989611797
0,23,-0.467646486280738,4,1,0,47.0967866200954
1,5,-0.296973131700499,2,0,0,45.9133339254186
0,14,0.30110072426555,2,0,0,25.7227941229939
0,5,-0.0545882835991505,2,1,0,40.0061308243312
0,5,-0.479120325244116,3,1,0,31.2724711117335
0,14,0.762205627606281,3,1,0,47.8680485696532
1,5,0.00206379628252563,3,0,0,53.4876189450733
0,32,-0.443264578483561,4,1,0,46.8377390666865
1,36,-0.283347947931488,3,1,0,37.0962271466851
0,5,-0.446850153159617,3,1,0,48.3466131589375
0,48,-0.365099050545552,2,1,0,52.8469244204462
0,17,-0.463343796669472,4,0,0,33.8224240276031
0,48,0.00851783069942544,3,1,0,20.8682874357328
1,48,-0.175780707649825,3,1,0,47.6132556912489
0,5,-0.160721294010392,4,0,0,35.8329336624593
1,5,-0.202313960252635,3,0,0,48.2788872625679
1,5,0.40006258532468,2,0,0,25.6937083345838
0,32,-0.479120325244116,3,1,0,39.4806079682894
0,38,-0.160721294010392,4,0,0,36.9625713909045
0,36,-0.11339170828646,2,1,0,43.8885187939741
1,5,-0.160721294010392,4,0,0,32.3047522478737
1,50,-0.16645821349208,3,0,0,31.4096190780401
0,5,0.17632272553882,2,0,0,53.7811665190384
1,32,0.122539105397989,2,0,0,40.4731056466699
1,5,-0.0122785024216962,2,1,0,56.0852904291824
1,48,-0.433224969390606,3,1,0,57.1217275573872
0,5,-0.11339170828646,3,0,0,37.8147434303537
1,5,-0.195859925835735,4,0,0,49.1936184861697
1,45,0.325482632062727,4,0,0,40.2642014692537
1,45,0.00851783069942544,3,1,0,24.9659812403843
1,5,0.938615901668209,2,1,0,40.9837694885209
1,44,-0.137056501148426,4,1,1,34.4100327743217
1,5,-0.241038166754034,3,1,0,33.6995016201399
0,22,0.0443735774599799,4,0,0,34.7007731278427
0,31,-0.350756751841331,2,0,0,34.2705398518592
0,31,0.472491193781001,4,1,0,20.8167634392157
1,43,-0.504219347976504,3,1,0,37.4236418982036
1,10,-0.467646486280738,4,0,0,30.2880213689059
0,5,-0.385895383666674,2,1,0,49.6435996610671
0,36,-0.200162615447002,3,1,0,56.3356490107253
1,5,-0.0847071108780162,2,1,0,31.5733712632209
1,33,0.302534954135972,1,0,0,26.907935643103
1,36,0.30110072426555,2,0,0,29.588791935239
1,5,-0.241038166754034,3,1,0,32.8600109205581
0,14,-0.237452592077978,4,0,1,23.662077661138
0,41,0.283889965820484,2,0,0,28.9312722533941
0,48,-0.446850153159617,3,1,0,40.2450658683665
1,5,-0.160721294010392,4,0,0,30.0793209159747
1,23,-0.467646486280738,4,1,0,40.7983906497248
0,33,-0.11339170828646,4,0,0,24.5883342833258
1,50,-0.317052349886409,4,1,0,39.0188055112958
0,36,-0.140642075824481,2,1,0,33.3749505016021
0,36,0.0859662437022231,2,1,0,29.5840565371327
0,33,-0.0832728810075941,4,0,0,43.6851521977223
1,47,-0.232432787531501,3,1,0,48.6794574162923
0,40,-0.282630832996277,3,1,0,31.4188875956461
1,14,-0.517127416810303,4,1,0,36.0412606783211
1,36,0.0859662437022231,2,1,0,23.2192122191191
1,5,0.085249128767012,2,0,0,35.3552334522828
0,22,0.0321826235613914,4,1,0,40.1285428670235
1,5,0.164131771640232,2,1,0,21.0836882307194
1,38,0.486833492485222,2,0,0,31.2771362275817
0,40,0.0436564625247688,1,1,0,58.5916000371799
1,3,0.122539105397989,2,0,0,48.5498218704015
1,50,-0.241755281689245,4,1,0,28.2914689625613
1,45,-0.160721294010392,4,0,0,35.6467745592818
1,24,0.30110072426555,2,0,0,23.0335180764087
1,36,0.0974400826656006,2,0,0,50.5198113643564
0,16,-0.11339170828646,2,1,0,48.3503474714234
0,20,-0.415297096010329,4,0,0,26.9962372793816
0,44,0.468188504169734,4,0,0,22.0825508004054
1,32,-0.479120325244116,3,1,0,31.7756251688115
1,50,-0.428922279779339,2,1,0,30.8906759298407
0,3,0.276001701533162,2,1,0,42.9290362563916
0,23,-0.415297096010329,2,1,0,43.8441591383889
0,24,-0.283347947931488,3,1,0,30.0965004693717
1,22,-0.0832728810075941,4,0,0,49.6409457619302
1,6,-0.241038166754034,3,1,0,36.4849725877866
1,31,-0.116977282962515,4,1,0,39.5336239086464
1,47,0.107479691758556,3,0,0,28.5287418286316
1,24,-0.386612498601885,3,1,0,27.9929062351584
1,21,-0.0674963524329501,3,1,0,25.6118801119737
1,49,0.0350510833022358,2,0,0,49.5471006399021
1,23,0.0142547501811142,2,0,0,33.6153793497942
0,6,-0.27832814338501,4,1,0,37.4345687078312
0,31,-0.112674593351249,2,1,0,44.5947142760269
1,48,-0.354342326517386,3,1,0,20.3196554305032
1,17,-0.386612498601885,3,1,0,25.7228247751482
1,37,-0.304861395987821,3,0,0,26.2038631550968
1,36,-0.415297096010329,2,1,0,49.9646108667366
1,36,0.0314655086261803,4,1,0,41.5481816092506
0,5,-0.438961888872295,4,0,0,38.0565357673913
0,33,-0.312749660275143,4,0,1,34.2787584592588
0,43,0.595834962637308,3,0,1,24.8253162042238
0,19,0.876944017240055,2,0,1,23.1338391313329
0,26,-0.41601421094554,4,0,0,29.0380672947504
1,43,0.0350510833022358,2,0,0,41.7704251199029
0,19,0.144769668389532,3,0,1,34.6510788076557
1,31,0.122539105397989,3,0,0,26.2000408326276
0,10,-0.401671912241318,2,1,0,56.9041884993203
1,39,-0.0832728810075941,4,0,0,49.6784543828107
0,43,-0.32422349923852,4,1,0,33.2798979571089
1,22,0.0866833586374342,2,1,0,23.9494521706365
0,23,-0.317052349886409,4,1,0,33.0192045518197
1,11,0.469622734040156,2,1,0,46.072741728276
0,14,0.823160397099223,1,1,0,42.1388039761223
1,41,0.0802293242205344,2,0,1,26.5700332098641
1,34,-0.353625211582175,3,1,0,47.1461457153782
0,14,0.30110072426555,2,0,0,27.8320249984972
0,49,-0.446850153159617,3,0,0,30.7423794851638
0,10,0.283889965820484,1,0,0,26.6014981386252
0,23,-0.400237682370896,4,0,0,43.9510818966664
0,22,0.149072358000799,2,1,0,34.3678832240403
0,50,-0.114108823221671,4,0,0,23.6222174065188
0,33,0.0149718651163252,2,0,0,33.1306520965882
0,43,0.172737150862765,2,1,0,45.0891798711382
0,4,0.0830977839613788,2,0,0,53.3727660425939
1,36,-0.428922279779339,2,1,0,33.2064139237627
0,11,2.63387560850723,1,1,1,41.5372375957668
0,23,-0.140642075824481,2,1,0,35.7200319133699
1,10,-0.596010059683523,3,1,0,45.6786436983384
0,22,0.606591686665474,3,1,0,20.7800633483566
0,39,-0.262551614810366,4,1,0,51.5070541505702
1,22,-0.552983163570858,3,0,0,57.4680138821714
1,37,-0.304861395987821,3,0,0,20.2411035681143
1,14,-0.283347947931488,3,1,0,32.8725309739821
0,14,0.0974400826656006,2,0,0,50.9404534776695
0,24,-0.386612498601885,3,1,0,20.8715845877305
0,39,0.0149718651163252,2,0,0,38.1577651947737
1,23,-0.0918782602301271,3,0,0,45.4256088496186
0,10,0.205007322947264,3,0,0,49.8013562289998
1,11,-0.32422349923852,4,1,0,39.8941533756442
0,23,-0.16645821349208,3,0,0,35.433638796676
0,39,0.0866833586374342,2,1,0,23.7997077358887
0,11,-0.150681684917436,2,1,0,35.4311809339561
0,22,-0.209485109604746,4,0,0,31.8429626617581
0,47,0.283889965820484,2,0,0,22.9368300712667
0,22,0.302534954135972,2,0,0,26.8427235772833
0,33,0.0866833586374342,2,1,0,24.7605847613886
0,14,0.810252328265424,1,0,0,21.6907131928019
0,26,-0.11339170828646,2,1,0,45.0221317121759
1,28,-0.223827408308968,3,1,0,49.901090497151
1,23,0.810252328265424,2,0,0,20.3460226394236
1,31,0.298232264524706,4,0,0,30.7312336540781
1,42,-0.499916658365237,3,1,0,34.8615784407593
0,31,0.0981571976008117,2,0,0,55.5417643743567
1,44,0.776547926310503,1,1,0,57.1999987005256
1,34,0.144769668389532,3,0,1,37.8858482954092
1,11,0.519103664569721,3,0,0,25.0584434135817
0,14,0.0142547501811142,2,0,0,32.2498380322941
0,33,1.71811983624266,2,0,1,23.0623090569861
1,43,-0.494179738883548,4,1,0,50.2812111587264
1,15,0.0429393475895577,1,1,0,54.3574604019523
0,15,-0.283347947931488,3,1,0,30.7477809372358
0,31,0.505478480800711,2,0,0,57.1099652932025
0,22,-0.517127416810303,4,1,0,35.7290259120055
1,26,-0.11339170828646,2,1,0,45.3316366788931
1,1,2.15269148698058,1,1,1,35.9807531838305
1,49,-0.357927901193441,2,0,0,36.5425913012587
0,14,-0.415297096010329,2,1,0,47.2251831647009
1,33,0.0866833586374342,2,1,0,21.96090468904
0,33,0.0981571976008117,2,0,0,56.8160321633331
1,31,-0.463343796669472,4,0,0,33.7743234285153
0,47,-0.467646486280738,4,0,0,38.8083495874889
1,36,-0.0918782602301271,3,0,0,45.7365621486679
1,33,1.23836994458644,1,0,0,48.2947044936009
0,33,-0.282630832996277,3,1,0,32.9690952645615
0,30,0.0149718651163252,2,0,0,32.0798777742311
0,22,0.0866833586374342,2,1,0,22.175582612399
1,44,-0.226695868049812,4,1,0,44.6068157022819
1,25,-0.175780707649825,3,0,0,31.829642644152
1,33,-0.517127416810303,4,1,0,37.2061858116649
1,23,-0.11339170828646,2,1,0,45.6300862925127
0,23,-0.11339170828646,2,1,0,40.3483150945976
1,41,-0.0947467199709715,4,0,0,40.5416610138491
1,24,-0.223827408308968,3,1,0,41.8335228809156
1,40,-0.350756751841331,2,0,0,39.9363454990089
0,44,-0.271874108968111,2,1,0,42.4778961366974
0,22,0.0149718651163252,2,0,0,37.8636401263066
0,24,0.0429393475895577,1,1,0,56.8335009645671
1,46,0.381417597009192,2,0,0,39.2166035319678
0,31,-0.499916658365237,3,1,0,38.8256797776558
0,33,-0.499916658365237,3,1,0,38.1553620216437
1,44,0.283889965820484,2,0,0,21.2599150370806
1,36,-0.16645821349208,3,0,0,32.7008543070406
0,34,-0.124148432314626,2,1,0,42.1794877643697
1,41,-0.520712991486359,4,1,0,38.8554705027491
0,19,0.133295829426155,2,1,0,32.1032000798732
1,31,-0.415297096010329,4,0,0,29.982401994057
1,19,0.0723410599332124,2,1,0,27.0378350326791
1,47,0.447392171048612,2,1,1,29.1573886247352
1,31,0.149072358000799,2,1,0,36.4903801376931
0,40,-0.517127416810303,4,1,0,34.3191768205725
1,41,0.0350510833022358,2,0,0,40.5483332998119
1,10,-0.124865547249837,4,0,0,20.8495335374027
0,14,0.685474329538694,4,1,1,23.4373989584856
0,22,-0.415297096010329,2,1,0,48.8557623955421
0,31,-0.400237682370896,4,0,0,40.1215969375335
0,10,0.0350510833022358,2,0,0,42.2445014049299
1,44,-0.474817635632849,3,1,0,48.4443680895492
1,39,0.0866833586374342,2,1,0,28.1809059088118
1,49,0.0723410599332124,1,1,0,25.573741174303
1,11,-0.150681684917436,2,1,0,32.181514732074
0,33,0.233691920355708,4,0,0,49.6112813055515
0,10,-0.304861395987821,3,0,0,28.2354389620014
1,11,-0.0775359615259053,3,1,0,33.2667579432018
1,34,0.00206379628252563,2,0,0,33.1073228060268
1,34,1.1774151750935,1,0,0,54.9045952036977
1,26,-0.16645821349208,3,0,0,37.9778297897428
1,23,-0.11339170828646,2,1,0,43.4733304427937
1,33,-0.463343796669472,4,0,0,34.9392338958569
1,21,0.258073828152885,3,1,0,26.2414239463396
1,47,-0.124865547249837,4,0,0,23.0432679038495
1,11,-0.226695868049812,4,1,0,40.6315339310095
1,47,-0.150681684917436,2,1,0,33.5167331295088
1,17,-0.0660621225625279,3,1,0,33.9898072741926
1,22,-0.209485109604746,4,0,0,30.162662351504
1,33,0.0443735774599799,4,0,0,30.8451434108429
1,10,0.592249387961252,1,0,1,35.4967371956445
1,44,0.0830977839613788,2,0,0,50.393430320546
1,33,0.686908559409116,4,1,1,21.8580773519352
1,25,-0.124148432314626,2,1,0,43.0134685547091
1,23,0.0142547501811142,2,0,0,36.6459800931625
1,19,0.283889965820484,2,0,0,22.6081785303541
0,21,0.876944017240055,2,0,1,29.4888943992555
0,49,0.0350510833022358,2,0,0,43.44737368403
0,41,-0.401671912241318,2,1,0,53.6411515669897
1,49,-0.433942084325817,2,1,0,30.7921787467785
0,33,-0.317052349886409,4,1,0,35.3389038750902
0,39,-0.28478217780191,4,0,0,58.013949317392
0,11,-0.279762373255433,2,1,1,49.3673802819103
1,39,-0.415297096010329,2,1,0,51.2310142093338
1,10,0.283889965820484,2,0,0,26.4604198024608
1,10,-0.150681684917436,2,1,0,37.0344859501347
0,21,-0.420316900556806,2,1,0,49.6481492300518
1,44,0.0192745547275918,4,1,0,45.6439966917969
1,44,-0.32422349923852,4,1,0,35.7529139891267
1,33,-0.415297096010329,2,1,0,48.2382687856443
1,44,-0.150681684917436,4,0,0,53.0383362481371
1,18,-0.433942084325817,2,1,0,39.10495856544
1,44,-0.494179738883548,4,1,0,55.0815404998139
1,43,-0.520712991486359,4,1,0,31.4284663111903
1,33,-0.217373373892068,4,1,0,48.560748603195
1,44,0.0723410599332124,2,1,0,24.2087460751645
1,34,0.283889965820484,2,0,0,24.0194845176302
1,31,0.122539105397989,3,0,0,26.3304152456112
1,5,0.339824930766949,2,1,0,51.5391570795327
1,34,-0.32422349923852,4,1,0,31.6115038865246
1,31,0.957978004918908,1,0,0,36.7659848276526
0,14,0.0429393475895577,1,1,0,57.0680061844178
1,18,0.172737150862765,2,1,0,47.2315827663988
0,22,-0.479120325244116,4,1,0,29.7103361133486
1,43,-0.420316900556806,2,1,0,42.039164500311
1,6,-0.456172647317361,4,1,0,25.4156309668906
0,14,-0.117694397897726,4,1,0,37.4628503061831
1,31,-0.282630832996277,3,1,0,37.1002212585881
1,39,0.811686558135846,2,0,0,29.1036869958043
0,10,-0.0947467199709715,4,0,0,43.0868605989963
0,34,1.22761322055828,1,1,0,34.6421683509834
1,10,0.0830977839613788,2,0,0,56.5578423952684
0,39,-0.282630832996277,3,1,0,33.1148728192784
0,15,0.0486762670712465,2,0,0,44.5651711570099
1,22,-0.282630832996277,3,1,0,36.4549911092035
1,44,-0.467646486280738,4,0,0,33.6766987084411
1,14,-0.499916658365237,3,1,0,39.1741149453446
1,10,0.0830977839613788,2,0,0,58.9420439116657
1,44,-0.483423014855382,4,1,0,28.2749468949623
1,47,-0.304861395987821,3,0,0,22.159521728754
1,18,0.107479691758556,3,0,0,27.7591429301538
1,44,-0.392349418083574,3,1,0,22.7295625978149
0,40,-0.282630832996277,3,1,0,30.7568353507668
0,37,-0.175780707649825,3,0,0,30.112047616858
0,36,-0.140642075824481,2,1,0,34.3978596921079
1,18,-0.40956017652864,3,0,0,44.6057682763785
0,39,0.0493933820064576,2,0,0,52.9137868853286
1,33,0.747146213966848,2,0,0,35.5356996669434
1,43,-0.0674963524329501,3,1,0,20.8718495792709
0,24,-0.140642075824481,2,1,0,39.7937251185067
0,10,0.0723410599332124,1,1,0,29.5436060172506
1,36,-0.479837440179327,4,1,0,20.3547681029886
1,14,0.489701952226067,2,1,0,44.8301634192467
1,10,-0.32422349923852,4,1,0,34.5999446767382
1,10,-0.32422349923852,4,1,0,32.2919195867144
1,11,-0.322789269368098,2,1,0,28.1326983030885
1,10,1.1774151750935,1,0,0,55.6431422871538
1,33,-0.347171177165275,3,1,0,43.0629188846797
0,39,0.0866833586374342,2,1,0,27.2427702648565
1,17,-0.11339170828646,2,1,0,48.5196283971891
0,26,-0.117694397897726,4,1,0,30.6545399269089
1,47,-0.150681684917436,2,1,0,39.5487372623757
1,10,-0.504219347976504,3,1,0,38.1938476581126
0,50,-0.0560225134695726,3,1,0,20.2505778265186
1,11,-0.21880760376249,4,0,0,32.4401066638529
1,18,-0.433942084325817,2,1,0,32.8216412034817
1,50,-0.140642075824481,2,1,0,39.1250369208865
1,33,0.0472420372008243,2,0,0,26.4924770360813
1,28,-0.218090488827279,4,1,0,41.0238723084331
1,43,0.0350510833022358,2,0,0,43.5324606951326
0,24,-0.334263108331475,2,0,0,41.5282050473616
0,19,-0.175780707649825,3,0,0,38.726871763356
1,31,-0.122714202444204,4,1,0,26.4683123375289
1,33,-0.174346477779402,3,1,0,30.2618691744283
0,26,-0.0617594329512614,3,0,0,52.0812693121843
1,23,-0.499916658365237,3,1,0,38.910856039729
1,14,-0.441830348613139,3,0,0,36.9156595063396
1,43,-0.249643545976567,4,1,0,22.8899011341855
1,44,-0.150681684917436,2,1,0,36.8222098657861
1,18,2.16344821100875,1,0,0,46.7089973925613
1,4,0.0723410599332124,2,1,0,23.4781353455037
1,14,0.0859662437022231,2,1,0,22.4570327950642
1,26,-0.317052349886409,4,1,0,31.1275648348965
1,1,0.00206379628252563,2,0,0,35.8110415469855
1,45,-0.0553053985343616,4,0,0,26.2640856555663
1,17,0.147638128130377,2,1,0,35.8465359499678
1,44,-0.421034015492017,4,0,0,21.8056857190095
0,25,1.22761322055828,1,1,0,31.5294564515352
1,3,-0.373704429768085,3,0,0,46.1907908529975
1,44,-0.150681684917436,2,1,0,36.441051857546
1,5,-0.058890973210417,4,1,0,30.8520374610089
1,43,-0.249643545976567,4,1,0,22.6400077575818
0,25,0.428030067797913,2,0,1,39.2296188068576
1,3,-0.0553053985343616,4,0,0,25.0054212845862
0,50,-0.517127416810303,4,1,0,39.7460597893223
1,44,2.28607486492985,2,0,0,25.9329752088524
1,43,0.0830977839613788,2,0,0,55.4390932060778
0,50,-0.140642075824481,2,1,0,32.7600382314995
0,5,-0.0553053985343616,4,0,0,29.7368910792284
0,6,-0.400954797306107,2,1,0,39.9517760286108
0,5,-0.160721294010392,4,0,0,33.8006261177361
1,5,-0.0309234907371845,3,0,0,48.2812094944529
1,5,0.164131771640232,2,1,0,21.0176046052948
0,5,-0.0553053985343616,4,0,0,20.7886289805174
0,48,0.164131771640232,1,1,0,27.851046146825
1,48,-0.0553053985343616,4,0,0,24.307999284938
1,5,-0.386612498601885,4,0,0,29.6137543604709
1,32,-0.160721294010392,4,0,0,37.704751114361
1,5,0.164131771640232,2,1,0,22.4375349399634
1,5,-0.438961888872295,4,0,0,36.1244919686578
1,5,-0.160721294010392,4,0,0,39.8457666579634
0,5,0.112499496305033,4,0,1,48.4087135992013
0,5,-0.058890973210417,4,1,0,50.5829840735532
0,5,2.6518034818875,1,0,1,55.1719603966922
0,48,-0.369401740156819,4,0,0,44.741243342869
1,38,0.122539105397989,2,0,0,41.4465378643945
0,48,0.164131771640232,2,1,0,27.2074710787274
0,33,0.134730059296577,2,1,1,31.6648484347388
1,33,-0.112674593351249,2,1,0,46.4053346146829
0,39,0.18923079437262,2,1,0,45.8862344408408
1,39,-0.223110293373757,3,1,0,43.9997018803842
1,33,-0.0997665245174491,3,1,0,46.1561433714814
1,22,-0.517127416810303,4,1,0,35.7126885280013
0,33,-0.317052349886409,4,1,0,32.156577820424
0,33,-0.400237682370896,4,0,0,40.2055730205029
0,33,2.24735065842845,2,1,1,20.6491213943809
0,33,-0.13992496088927,2,1,0,33.3115552994423
1,33,-0.415297096010329,4,0,0,22.4508077302016
1,33,2.21651471621437,1,0,0,43.4877243288793
1,33,-0.463343796669472,4,0,0,35.2301994920708
0,39,-0.517127416810303,4,1,0,32.0121912588365
1,7,-0.33713156807232,1,1,0,57.4375089420937
1,40,1.69373792844549,2,1,0,24.3231911188923
0,33,-0.342151372618797,4,1,0,42.0267278701067
1,22,-0.282630832996277,3,1,0,34.7029974870384
1,33,-0.282630832996277,3,1,0,32.9083751770668
1,31,-0.400237682370896,4,0,0,44.3248862284236
0,50,-0.223827408308968,3,1,0,45.1623996137641
0,33,-0.209485109604746,4,0,0,38.9692443376407
0,23,-0.499916658365237,3,1,0,32.9975282819942
0,31,-0.112674593351249,2,1,0,44.5170740457252
1,39,-0.395934992759629,2,1,0,54.4723740662448
1,33,-0.441830348613139,3,0,0,32.7846867218614
1,15,-0.11339170828646,2,1,0,40.955818220973
1,26,0.0859662437022231,2,1,0,29.3381500733085
0,33,-0.282630832996277,3,1,0,30.0442100898363
1,31,0.0866833586374342,2,1,0,20.7928594457917
1,39,-0.13992496088927,2,1,0,39.2721263226122
1,36,-0.415297096010329,2,1,0,43.8635855773464
1,36,0.121104875527567,3,0,0,26.8423847085796
1,36,0.188513679437409,2,1,0,43.2580794231035
0,40,-0.317052349886409,4,1,0,30.3131172759458
0,33,-0.517127416810303,4,1,0,32.9588211816736
1,39,0.18923079437262,2,1,0,40.5183185054921
1,39,0.0866833586374342,2,1,0,26.9809994939715
0,50,0.0142547501811142,2,0,0,30.8713377034292
0,50,-0.317052349886409,4,1,0,33.9075118978508
0,36,0.30110072426555,2,0,0,28.2870886893943
0,7,0.0149718651163252,2,0,0,31.4042401313782
1,17,0.0429393475895577,1,1,0,52.3452764283866
0,36,0.934313212056942,3,0,0,33.4848825773224
1,50,-0.210202224539957,4,0,0,31.2771525001153
1,36,-0.140642075824481,2,1,0,33.9251961023547
1,22,-0.13992496088927,4,0,0,53.3937562210485
0,33,-0.421751130427228,4,1,1,34.6931501245126
1,50,-0.241755281689245,4,1,0,28.0206807656214
1,14,0.888417856203433,2,1,0,22.867935069371
1,23,-0.241755281689245,4,1,0,24.2998169967905
1,40,0.957978004918908,1,0,0,36.3840810488909
1,17,-0.441830348613139,3,0,0,32.0975872594863
1,36,0.0142547501811142,2,0,0,36.751385575626
1,22,-0.209485109604746,4,0,0,36.4338544220664
1,17,-0.16645821349208,3,0,0,34.1160349454731
0,39,-0.074667501785061,2,1,0,51.2007364653982
1,26,-0.210202224539957,4,0,0,39.5998667785898
0,19,0.158394852158543,2,1,1,44.8395511764102
0,14,-0.241755281689245,4,1,0,26.3693165383302
1,36,0.0486762670712465,2,0,0,49.0188218350522
0,50,0.30110072426555,2,0,0,26.9995467714034
0,14,-0.428922279779339,2,1,0,35.2119407290593
0,24,-0.428922279779339,2,1,0,34.1128946328536
0,50,-0.140642075824481,2,1,0,33.6690611718222
0,33,-0.13992496088927,2,1,0,36.8571383622475
1,24,-0.208050879734324,2,0,0,27.3007167805918
0,23,0.41942468857538,1,1,1,44.2107847239822
1,15,-0.140642075824481,2,1,0,39.7060782392509
0,28,-0.210202224539957,4,0,0,37.1605713129975
0,36,-0.463343796669472,4,0,0,33.9982001367025
1,47,0.00206379628252563,2,0,0,39.4093931629322
0,33,-0.463343796669472,4,0,0,32.8134372993372
1,10,-0.340717142748375,2,0,0,48.7346492148936
0,43,-0.0947467199709715,4,0,0,43.7644754117355
1,50,0.0486762670712465,2,0,0,48.7043119990267
1,36,1.23621859978081,1,0,0,46.0029500420205
1,36,0.0859662437022231,2,1,0,26.2822377029806
1,39,0.122539105397989,3,0,0,26.1478467448615
1,10,-0.0725161569794277,3,0,0,50.1398308645003
1,47,-0.0474171342470396,4,1,0,58.3096781582572
0,36,-0.274742568708955,4,1,1,36.4054853655398
1,26,-0.470514946021583,3,1,0,45.9394405037165
1,47,-0.0861413407484384,2,1,0,56.9640669622459
1,18,-0.124148432314626,2,1,0,43.4984816936776
1,34,-0.150681684917436,2,1,0,31.7833022587001
0,33,-0.0832728810075941,4,0,0,45.2458111802116
1,23,0.121104875527567,3,0,0,27.0011993916705
1,14,-0.140642075824481,2,1,0,39.2762574995868
0,16,0.0486762670712465,2,0,0,49.3763591046445
0,25,0.385003171685248,1,1,1,56.6595433675684
1,10,-0.249643545976567,4,1,0,29.7252310323529
0,4,-0.21880760376249,4,0,0,35.4313190327957
0,44,-0.610352358387745,3,1,0,35.0287135178223
0,49,-0.150681684917436,2,1,0,37.8980828076601
0,44,0.068755485257157,4,1,0,37.9072942421772
1,49,-0.101917869323082,3,0,0,43.5201235325076
1,28,-0.0560225134695726,3,1,0,26.6313900239766
0,33,0.0866833586374342,1,1,0,22.4607988772914
0,33,-0.112674593351249,2,1,0,45.7540233270265
1,10,-0.494179738883548,4,1,0,56.9058108795434
1,44,-0.32422349923852,4,1,0,32.2711397218518
1,24,-0.351473866776542,2,0,0,35.0719220982864
1,26,1.05980832571888,2,1,1,24.5595075841993
0,11,0.876944017240055,1,0,1,24.3808901077136
1,19,-0.249643545976567,4,1,0,26.7116110562347
0,9,-0.2517948907822,2,1,1,56.0487338900566
0,10,-0.433942084325817,2,1,0,39.2498602950945
0,50,0.540617112626054,3,0,0,20.2792113088071
1,44,-0.494179738883548,4,1,0,50.9664326137863
0,44,-0.286216407672332,3,0,1,35.4568240535446
0,44,-0.124148432314626,2,1,0,47.9436130146496
0,39,0.811686558135846,2,0,0,24.4737356668338
1,44,0.0723410599332124,2,1,0,23.1079264520667
1,47,0.0830977839613788,2,0,0,58.653708351776
0,34,0.55782787107112,2,0,1,58.1087865657173
1,44,0.0350510833022358,2,0,0,49.3388251517899
1,14,0.0436564625247688,4,0,0,30.0000428198837
0,34,-0.401671912241318,2,1,0,55.7592478767037
1,43,-0.32422349923852,4,1,0,37.77294566622
1,50,0.0486762670712465,2,0,0,47.2071736422367
1,18,0.428030067797913,2,0,1,38.8316244375892
1,34,0.411536424288058,2,0,0,40.7333581661806
1,28,-0.334263108331475,2,0,0,41.1899972450919
1,44,-0.0725161569794277,3,0,0,59.2190719977953
1,1,-0.21880760376249,4,0,0,32.6807550247759
0,47,0.00708360082900326,4,1,1,46.3932422548532
0,47,0.24158018464303,3,1,1,23.723345764447
1,10,-0.0674963524329501,3,1,0,21.6808119812049
0,1,-0.0474171342470396,4,1,0,57.8839204250835
0,18,0.0300312787557581,1,1,0,55.3469321574084
0,5,-0.175780707649825,3,1,0,46.1646616854705
0,44,-0.150681684917436,2,1,0,35.6585781928152
1,6,-0.446850153159617,3,1,0,43.3369902614504
1,4,-0.401671912241318,2,1,0,55.3077035909519
0,5,2.07667730384821,2,0,0,25.1826369622722
1,44,-0.494179738883548,4,1,0,53.7508200597949
1,6,0.00851783069942544,3,1,0,20.5571762053296
0,10,0.0350510833022358,2,0,0,42.4800003576092
1,44,-0.421034015492017,4,0,0,23.6382712237537
1,3,0.607308801600685,2,1,0,41.5762247610837
0,5,-0.175780707649825,3,1,0,48.1352529302239
0,11,-0.21880760376249,4,0,0,38.7971405312419
1,1,0.24158018464303,3,1,1,25.7051167380996
1,10,-0.0861413407484384,2,1,0,52.7536910190247
1,34,0.0830977839613788,2,0,0,51.5559917967767
1,32,-0.0868584556836495,2,0,0,45.4832432698458
1,32,-0.443264578483561,4,1,0,43.2171744224615
1,5,0.232257690485285,2,1,0,35.5607980070636
1,11,0.595834962637308,3,0,1,25.6658772588708
0,38,1.81779881223701,1,1,0,40.0480540655553
0,37,0.283889965820484,2,0,0,28.1623987923376
0,24,-0.283347947931488,3,1,0,30.1770957419649
0,41,0.861167488665411,2,1,0,25.2399591170251
0,32,-0.497765313559604,4,1,0,33.7171780271456
1,5,-0.27832814338501,4,1,0,30.0135014089756
1,5,-0.27832814338501,4,1,0,35.2340711792931
1,49,0.0300312787557581,1,1,0,59.8529983963817
1,50,0.0142547501811142,2,0,0,30.5556329432875
1,48,1.42625405761175,1,0,0,47.7643965184689
0,1,-0.504219347976504,3,1,0,32.8090017498471
1,25,-0.232432787531501,3,1,0,43.7184174195863
1,43,0.252336908671196,3,1,0,43.3864260045812
0,5,0.973037418558341,1,1,0,42.3789020394906
1,48,0.17632272553882,2,0,0,52.3574485559948
1,5,1.04474891207945,2,1,0,20.8176087029278
1,5,2.0436900168285,3,0,0,26.6676220251247
1,11,0.927859177640042,1,0,0,30.9163896203972
0,3,-0.21880760376249,4,1,0,52.2086501913145
1,5,-0.369401740156819,4,0,0,48.2239189790562
0,5,-0.497765313559604,4,1,0,38.1461907923222
1,37,-0.124148432314626,2,1,0,42.7227495890111
0,29,-0.0545882835991505,2,1,0,48.2781610870734
1,18,-0.124148432314626,2,1,0,44.4956007204019
1,6,-0.160721294010392,4,0,0,36.4793692738749
1,5,0.127558909944466,1,1,0,48.4968422423117
0,16,1.59334183751593,1,1,0,49.827892924659
1,47,0.931444752316098,3,0,0,24.3495646654628
1,44,-0.0689305823033723,1,1,0,39.5143034681678
1,7,-0.517127416810303,4,1,0,31.2314897659235
0,5,0.34054204570216,1,0,0,53.2219397253357
0,21,0.00206379628252563,2,0,0,35.0021520396695
0,44,-0.401671912241318,2,1,0,59.9544984381646
0,33,-0.317052349886409,4,1,0,38.1541611417197
0,38,-0.241038166754034,3,1,0,36.1500493856147
0,5,-0.438961888872295,4,0,0,31.5686360420659
0,10,-0.402389027176529,3,1,1,30.7798768556677
1,44,-0.520712991486359,4,1,0,31.3165644882247
0,3,1.12291444001746,3,0,0,25.0772540224716
1,39,-0.458323992122994,3,1,0,50.219119945541
1,5,-0.241038166754034,3,1,0,37.7261688862927
1,36,-0.140642075824481,2,1,0,35.8732377737761
1,33,0.90634572958371,2,0,1,29.784143762663
0,23,-0.140642075824481,2,1,0,30.2474622987211
1,34,-0.124148432314626,2,1,0,42.9218142200261
0,38,-0.160721294010392,4,0,0,38.8495497964323
0,15,0.0859662437022231,2,1,0,27.66490803333
1,34,-0.433942084325817,2,1,0,31.7500302032568
0,23,-0.208050879734324,2,0,0,21.876838139724
0,39,-0.13992496088927,2,1,0,36.0269429651089
0,33,-0.312749660275143,4,0,1,39.0181640419178
0,36,0.121104875527567,3,0,0,23.3026206539944
1,37,1.2032313127611,1,0,0,43.9026032318361
1,33,-0.116977282962515,4,1,0,38.9290618360974
1,48,-0.299841591441343,4,0,0,38.529486944899
0,23,-0.489877049272282,4,1,0,53.7522258725949
1,34,0.243014414513452,1,0,0,49.6682344726287
1,23,-0.41601421094554,4,0,0,28.8316658837721
1,14,-0.11339170828646,2,1,0,45.2656930149533
1,7,-0.241038166754034,4,1,0,22.5180508219637
0,39,0.815272132811901,2,0,0,43.6003122548573
1,23,-0.114108823221671,4,0,0,26.7314627184533
0,44,-0.494179738883548,4,1,0,57.398471198976
1,11,3.06773014430993,1,1,0,43.4974817023613
1,10,-0.124148432314626,2,1,0,46.9886464276351
1,10,0.107479691758556,3,0,0,29.4474797951989
1,17,-0.140642075824481,2,1,0,31.9101390358992
1,21,-0.150681684917436,2,1,0,37.8345766081475
1,17,-0.241755281689245,4,1,0,29.2972096451558
1,23,-0.395934992759629,2,1,0,55.508425028529
1,14,0.0436564625247688,4,0,0,35.9982065344229
0,25,-0.21880760376249,4,0,0,32.8917588293552
0,8,-0.249643545976567,4,1,0,20.7185015175492
0,10,-0.322789269368098,2,1,0,26.3959357142448
0,10,0.0350510833022358,2,0,0,49.3313293089159
0,5,-0.0553053985343616,4,0,0,24.2061475315131
0,33,0.542051342496476,3,0,0,27.0313053578138
1,22,-0.0653450076273168,3,1,0,32.1824226458557
1,10,-0.290519097283599,3,1,0,38.3637775597163
1,19,0.0350510833022358,2,0,0,44.2990526207723
1,3,-0.386612498601885,4,0,0,26.1297748773359
0,47,-0.467646486280738,4,0,0,31.5340661932714
0,38,-0.400954797306107,2,1,0,34.6388208121061
1,18,-0.32422349923852,4,1,0,32.4118123319931
1,41,-0.124148432314626,2,1,0,47.6486300257966
1,50,-0.11339170828646,2,1,0,44.9046499514952
1,32,-0.443264578483561,4,1,0,47.4638727447018
1,47,0.158394852158543,2,1,1,45.2564592007548
1,25,-0.124865547249837,4,0,0,29.6415599249303
0,13,0.973037418558341,1,1,0,42.3004960478283
0,23,0.0429393475895577,1,1,0,52.4414162291214
0,36,-0.41601421094554,4,0,0,29.5961919263937
1,44,-0.21880760376249,4,0,0,37.1310525224544
1,33,0.811686558135846,1,0,0,21.7196465400048
1,22,-0.16645821349208,3,0,0,38.7844545324333
1,11,-0.226695868049812,4,1,0,42.7173493383452
0,48,-0.315618120015987,2,0,0,38.2833286793903
1,15,-0.11339170828646,2,1,0,48.5261231148615
1,6,0.202855978141631,3,0,0,29.0680670668371
1,36,-0.16645821349208,3,0,0,30.6281423079781
0,11,-0.446850153159617,3,0,0,37.2652122215368
0,5,0.40006258532468,2,0,0,24.3153039971367
1,44,-0.32422349923852,4,1,0,37.8008182556368
0,5,-0.242472396624456,2,1,0,37.139568454586
0,14,0.150506587871221,3,1,0,34.5737775741145
0,33,0.0149718651163252,2,0,0,35.3825345053338
1,5,-0.0847071108780162,2,1,0,35.4511960339732
0,47,-0.483423014855382,4,1,0,25.5157272960059
0,6,-0.433224969390606,3,1,0,53.0109920538962
1,36,-0.479837440179327,4,1,0,27.6365862507373
0,44,0.158394852158543,2,1,1,43.9864783990197
0,10,-0.21880760376249,4,0,0,36.8109626229852
0,33,-0.467646486280738,4,1,0,47.1990323811769
0,49,-0.232432787531501,3,1,0,49.6855287463404
0,39,0.0443735774599799,4,0,0,37.9416296142153
0,37,0.118953530721933,2,1,1,35.4565670178272
1,43,-0.401671912241318,2,1,0,51.3213037070818
0,24,0.0486762670712465,2,0,0,40.1812621508725
0,19,0.811686558135846,1,0,1,44.85348345479
1,18,0.00995206056984762,3,1,0,49.789669229649
1,26,-0.0918782602301271,3,0,0,45.4890466458164
1,24,0.0142547501811142,2,0,0,35.4718334693462
0,33,-0.223110293373757,3,1,0,40.972534136381
1,39,-0.385895383666674,3,1,0,28.3440585434437
1,33,0.560696330811965,2,1,1,37.4375289259478
1,34,0.0400708878487134,1,1,0,41.3825105177239
1,47,-0.322789269368098,2,1,0,29.5413928711787
1,33,-0.207333764799113,2,0,0,23.0001307674684
1,3,-0.438961888872295,4,0,0,35.7119186059572
0,11,0.661809536676728,4,1,1,24.4570487807505
1,5,-0.0847071108780162,2,1,0,39.4428529497236
1,41,0.796627144496413,1,1,0,49.1163513273932
1,43,0.0723410599332124,2,1,0,25.7007828424685
0,33,-0.282630832996277,3,1,0,34.000252422411
1,22,-0.16645821349208,3,0,0,38.4613775624894
1,31,-0.122714202444204,4,1,0,29.5259013352916
1,43,-0.101917869323082,3,0,0,46.7978188348934
1,10,-0.124148432314626,2,1,0,47.4622770980932
1,43,-0.134905156342793,2,1,1,26.5466896025464
1,11,0.00206379628252563,2,0,0,30.8692386257462
0,6,-0.354342326517386,3,1,0,21.6575332963839
0,33,-0.228847212855445,3,1,1,24.3692865408957
0,19,-0.483423014855382,4,1,0,28.3981964434497
1,30,0.811686558135846,2,0,0,20.0806228560396
1,41,0.00206379628252563,2,0,0,30.2113222959451
1,36,-0.428922279779339,2,1,0,31.2913314043544
1,39,0.0493933820064576,2,0,0,49.2923803953454
0,20,0.0149718651163252,2,0,0,33.7173457280733
0,34,0.469622734040156,2,1,0,48.6715219565667
0,14,0.188513679437409,2,1,0,43.1809078273363
0,6,-0.160721294010392,4,0,0,34.2183981626295
1,14,-0.0839899959428051,4,0,0,49.3685745517723
0,48,-0.354342326517386,3,1,0,29.0321995038539
1,5,-0.400954797306107,2,1,0,37.7725249296054
1,43,-0.175780707649825,3,0,0,38.1048463867046
1,11,0.0945716229247562,3,0,0,39.5899642957374
1,23,-0.0839899959428051,4,0,0,40.3046564175747
1,31,0.468905619104945,2,1,1,21.9843421527185
0,22,-0.11339170828646,4,0,0,25.3932696254924
0,5,0.085249128767012,2,0,0,33.9569090097211
1,5,-0.27832814338501,4,1,0,37.9661794938147
1,10,-0.175780707649825,3,0,0,36.0571385035291
1,44,0.519103664569721,3,0,0,25.3969041327946
0,39,-0.415297096010329,4,0,0,22.9730472736992
0,33,0.0981571976008117,2,0,0,51.9559166766703
1,41,-0.463343796669472,3,1,0,56.9315220951103
0,23,-0.114108823221671,4,0,0,23.3243809640408
0,47,-0.467646486280738,4,0,0,37.6460858457722
1,39,0.0235772443388583,3,1,0,42.8239566320553
1,18,-0.420316900556806,2,1,0,44.0618333988823
1,39,-0.207333764799113,2,0,0,20.3963819914497
0,33,-0.228847212855445,3,1,1,20.8348570787348
0,41,-0.32422349923852,4,1,0,35.9637656994164
0,47,0.107479691758556,3,0,0,29.5174980605952
1,5,1.11861175040619,1,0,0,38.8984617847018
1,3,-0.0847071108780162,2,1,0,32.9811581084505
1,35,-0.463343796669472,4,0,0,35.8650153456256
1,33,-0.499916658365237,3,1,0,33.6098976572976
1,18,-0.21880760376249,4,0,0,39.2539653368294
1,5,-0.241038166754034,3,1,0,36.1345710605383
1,10,-0.290519097283599,3,1,0,30.577728911303
1,10,-0.175780707649825,3,0,0,31.4604553370737
1,1,-0.520712991486359,4,1,0,38.2261732965708
1,36,-0.0839899959428051,4,0,0,47.7531239297241
0,44,-0.520712991486359,4,1,0,35.3563118772581
0,44,0.411536424288058,2,0,0,48.5942822927609
0,38,-0.276893913514588,1,1,0,21.7351146927103
0,33,-0.517127416810303,4,1,0,38.1966470740736
0,5,-0.0122785024216962,2,1,0,57.7396054356359
0,44,0.542051342496476,3,1,1,30.1689335610718
0,48,-0.158569949204758,2,0,0,24.9635639088228
0,41,0.542051342496476,3,1,1,30.9654082497582
0,33,-0.116977282962515,4,1,0,33.4715104079805
0,16,0.0142547501811142,2,0,0,35.2269268943928
0,5,0.164131771640232,2,1,0,23.3196685859002
0,44,-0.290519097283599,3,1,0,34.8428697441705
0,10,-0.0674963524329501,3,1,0,25.8986655133776
1,39,0.302534954135972,2,0,0,28.7816984159872
1,10,-0.21880760376249,4,0,0,38.3188335737213
1,33,-0.209485109604746,4,0,0,38.4729546587914
0,10,0.0350510833022358,2,0,0,45.2294911583886
1,1,1.28498241537517,2,0,0,25.2081534056924
1,41,0.417990458704958,1,1,0,45.0205229246058
1,31,-0.463343796669472,4,0,0,37.4427586421371
0,43,-0.291953327154021,2,1,0,33.7503714254126
1,43,0.579341319127453,1,1,0,34.0034399437718
0,36,-0.441830348613139,3,0,0,37.6125572854653
0,33,0.890569201009066,1,1,0,21.2604454834945
1,15,0.0142547501811142,2,0,0,31.9378275400959
1,44,0.133295829426155,2,1,0,33.5769332526252
1,36,0.30110072426555,2,0,0,21.5548100485466
1,10,0.0350510833022358,2,0,0,48.3612623182125
0,40,0.848259419831612,3,0,0,42.4380928976461
0,43,0.0300312787557581,1,1,0,52.0336396805942
1,5,-0.438961888872295,4,0,0,33.5528847458772
0,5,-0.149964569982225,3,1,0,56.7374880146235
0,1,-0.290519097283599,3,1,0,31.2838561087847
1,40,0.122539105397989,3,0,0,24.9227671860717
1,10,-0.401671912241318,2,1,0,50.2698638755828
0,14,-0.317052349886409,4,1,0,37.5412349705584
1,48,-0.479120325244116,3,1,0,39.2630978021771
1,39,0.0866833586374342,2,1,0,21.9453593879007
0,31,-0.217373373892068,4,1,0,49.7979505150579
0,49,-0.175780707649825,3,0,0,34.0519467554986
1,44,-0.101917869323082,3,0,0,49.4295446807519
0,11,-0.144944765435748,2,0,1,31.0263381619006
1,36,-0.210202224539957,4,0,0,33.7221078132279
0,14,1.2613176225132,1,1,0,36.0600729426369
0,10,-0.401671912241318,2,1,0,56.751987724565
0,5,-0.438961888872295,4,0,0,32.823188318871
0,33,-0.236735477142767,4,0,1,22.4742039502598
0,14,-0.360796360934286,4,1,0,22.1009490080178
0,22,-0.350756751841331,2,0,0,39.2762668058276
0,33,-0.13992496088927,2,1,0,34.4129862636328
1,7,-0.463343796669472,4,0,0,34.0138202556409
0,23,0.467471389234523,2,1,1,21.6137142828666
1,11,-0.322789269368098,2,1,0,29.2846775054932
1,33,-0.395934992759629,2,1,0,52.3602231382392
0,36,-0.0918782602301271,3,0,0,47.3867143085226
0,22,0.811686558135846,1,0,0,20.1903064060025
0,14,0.435918332085235,2,1,0,37.2336485236883
0,23,0.0228601294036472,3,1,0,46.4972553867847
1,11,0.579341319127453,1,1,0,33.1953314645216
1,44,-0.0674963524329501,3,1,0,27.3716780124232
1,36,0.0859662437022231,2,1,0,23.5519416164607
0,31,-0.282630832996277,3,1,0,36.2119805929251
1,36,-0.223827408308968,3,1,0,49.0470199729316
0,33,-0.59385871487789,3,1,0,43.5236844513565
0,33,-0.517127416810303,4,1,0,55.1755487220362
0,5,0.104611232017711,4,1,0,41.5764552494511
0,21,-0.357927901193441,2,0,0,39.7864963510074
1,31,-0.241038166754034,4,1,0,21.3907072809525
0,23,-0.397369222630051,3,1,1,34.3506701965816
0,20,-0.489877049272282,4,1,0,57.761237223167
0,44,0.24158018464303,3,1,1,29.7383128502406
1,38,0.34054204570216,1,0,0,59.3052261602134
0,7,0.432332757409179,2,0,0,47.6656969590113
1,6,-0.543660669413114,4,0,0,41.1798245389946
0,5,1.39828657513852,1,0,0,51.8671167083085
1,1,-0.0861413407484384,2,1,0,58.6193110630848
0,5,-0.241038166754034,3,1,0,39.1832567891106
0,44,-0.150681684917436,2,1,0,30.5473700142466
0,39,-0.217373373892068,4,1,0,40.3585535218008
1,31,-0.462626681734261,2,0,0,20.6957324431278
1,22,-0.11339170828646,4,0,0,22.3503727349453
0,31,-0.317052349886409,4,1,0,30.6909992150031
0,16,-0.210202224539957,4,0,0,35.2616162225604
0,10,0.0300312787557581,1,1,0,51.1659553321078
0,6,-0.312749660275143,4,1,1,41.6704032127745
0,37,0.579341319127453,1,1,0,36.7665465758182
1,14,-0.395934992759629,2,1,0,54.8177649825811
1,5,-0.0847071108780162,2,1,0,34.2667025583796
1,48,0.17632272553882,2,0,0,51.8521318817511
1,37,-0.229564327790656,3,1,0,21.2139630131423
1,36,-0.470514946021583,3,1,0,49.7571656829678
0,21,1.08060465884,2,0,1,47.9298373009078
1,5,-0.479120325244116,3,1,0,38.3466784888878
0,5,0.533445963273943,1,1,0,56.0221249447204
0,21,0.107479691758556,3,0,0,28.1247037649155
0,5,-0.0223181115146514,4,0,0,40.6691961199977
1,44,0.416556228834536,2,1,0,33.9473321405239
1,38,-0.0545882835991505,2,1,0,40.8341821702197
0,14,-0.28478217780191,2,1,0,30.3738704835996
0,10,-0.124865547249837,4,0,0,24.598590831738
1,5,-0.315618120015987,2,0,0,36.0540966363624
0,10,0.385003171685248,1,1,1,55.7238750625402
0,22,0.0981571976008117,2,0,0,51.1602678941563
1,22,-0.463343796669472,4,0,0,38.0897973570973
1,39,0.0149718651163252,2,0,0,39.9136056797579
0,34,-0.150681684917436,2,1,0,30.4741212539375
1,33,-0.114108823221671,2,1,0,23.3141692285426
1,39,-0.241038166754034,4,1,0,22.5059587555006
1,10,-0.420316900556806,2,1,0,42.3470986634493
0,33,-0.400237682370896,4,0,0,42.3713200469501
0,44,0.53774865288521,2,1,1,30.7772937905975
0,25,0.40006258532468,1,1,1,42.4565067328513
1,5,0.122539105397989,2,0,0,46.5306505747139
1,48,-0.369401740156819,4,0,0,45.566188544035
1,10,-0.0861413407484384,2,1,0,53.0620449990965
1,36,0.0429393475895577,1,1,0,55.6016773660667
1,40,0.535597308079576,3,0,0,45.9852439374663
1,3,-0.175780707649825,3,1,0,48.3345529763028
1,3,-0.0309234907371845,3,0,0,46.8004077556543
1,36,0.0142547501811142,2,0,0,35.1360064628534
1,5,0.322614172321883,2,1,1,52.6717987516895
1,34,-0.21880760376249,4,0,0,31.0780237754807
1,10,0.230106345679652,1,0,0,55.1991261914372
1,19,0.0350510833022358,2,0,0,46.9711949629709
0,5,0.34054204570216,1,0,0,50.0232338579372
1,24,-0.283347947931488,3,1,0,33.8997842324898
0,28,0.246599989189507,1,0,0,57.5762704783119
0,1,0.776547926310503,1,1,0,56.2931467825547
1,43,0.0723410599332124,2,1,0,21.1149627505802
0,38,0.34054204570216,1,0,0,50.8055535354652
1,5,-0.169326673232925,4,1,0,48.3366990182549
1,5,-0.169326673232925,4,1,0,48.6883330252022
0,39,0.0493933820064576,2,0,0,48.6707010213286
1,33,-0.517127416810303,4,1,0,38.0634325183928
0,44,0.0300312787557581,1,1,0,59.6590241650119
1,34,-0.124148432314626,2,1,0,46.6188433696516
0,10,-0.395217877824418,3,0,0,59.1847706562839
0,47,-0.137056501148426,4,1,1,36.0803336789832
1,47,0.0350510833022358,2,0,0,43.7441016407683
0,5,-0.415297096010329,3,0,0,36.6078718565404
1,44,-0.232432787531501,3,1,0,49.2154318303801
1,19,0.045090692395191,3,1,0,58.7360524269752
0,18,0.796627144496413,1,1,0,40.6909620878287
0,36,-0.11339170828646,2,1,0,44.8823883733712
1,36,-0.11339170828646,2,1,0,46.3934567407705
0,18,-0.216656258956857,2,0,0,27.9496859759092
0,36,-0.317052349886409,4,1,0,34.0588728082366
0,10,1.52378168880046,1,1,0,58.1248154863715
1,17,-0.210202224539957,4,0,0,30.9430506802164
1,39,-0.112674593351249,2,1,0,48.7235818710178
0,39,-0.557285853182124,3,1,1,36.5134177240543
1,11,0.00206379628252563,2,0,0,36.23853973113
1,48,0.085249128767012,2,0,0,35.4616818297654
0,48,-0.479120325244116,3,1,0,37.7744060894474
1,13,0.117519300851511,4,0,0,33.966216200497
0,5,-0.058890973210417,4,1,0,35.8457971317694
0,23,0.0859662437022231,2,1,0,22.8534972458147
0,36,-0.404540371982162,3,0,0,48.8019489194266
1,10,0.415839113899324,4,0,0,50.2309815352783
1,33,0.0981571976008117,2,0,0,51.6546319425106
1,50,0.0859662437022231,2,1,0,21.0128214908764
1,43,-0.21880760376249,4,0,0,39.0670432406478
0,23,-0.11339170828646,2,1,0,47.5325549510308
0,36,-0.415297096010329,2,1,0,43.4696227684617
1,11,-0.21880760376249,4,0,0,30.9335297346115
0,50,-0.422468245362439,4,1,1,36.7155482200906
0,24,-0.351473866776542,2,0,0,37.8182743117213
0,22,-0.11339170828646,4,0,0,27.6866508135572
1,14,-0.317052349886409,4,1,0,31.5489587793127
0,17,-0.395934992759629,2,1,0,50.5358585366048
0,33,-0.517127416810303,4,1,0,36.7664420022629
0,15,0.30110072426555,1,0,0,20.8323400048539
0,35,0.0142547501811142,2,0,0,39.7551798913628
0,19,-0.21880760376249,4,0,0,37.2107094386593
0,33,-0.385895383666674,3,1,0,29.8030176549219
0,5,0.958695119854119,2,0,0,27.6294644665904
0,50,-0.386612498601885,3,1,0,27.2150478744879
1,5,-0.0273379160611291,3,0,0,25.7226747600362
0,10,-0.124148432314626,2,1,0,41.6595732839778
0,14,-0.140642075824481,2,1,0,38.6044057528488
0,26,0.467471389234523,2,1,1,27.1146807447076
1,36,-0.441830348613139,3,0,0,38.122358082328
1,14,-0.489877049272282,4,1,0,59.6860412252136
0,49,-0.249643545976567,4,1,0,28.8601293577813
1,31,0.488267722355644,2,1,0,27.4343544663861
1,39,-0.112674593351249,2,1,0,46.419932548888
1,44,-0.290519097283599,3,1,0,38.3478813944384
1,21,-0.0947467199709715,4,0,0,40.6998834130354
1,10,-0.270439879097688,4,1,0,53.9453043951653
1,1,0.00206379628252563,2,0,0,31.0668249754235
1,10,-0.216656258956857,2,0,0,24.1523476620205
1,47,-0.349322521970908,4,1,0,43.656242985744
1,10,0.0830977839613788,2,0,0,55.3547803219408
1,43,0.579341319127453,1,1,0,36.0593590280041
0,11,0.53774865288521,2,1,1,37.4529587733559
1,10,-0.520712991486359,4,1,0,31.4563483116217
1,1,0.230106345679652,1,0,0,57.4486612319015
1,33,0.149072358000799,2,1,0,30.0539101101458
1,10,0.229389230744441,2,1,0,55.6407231790945
0,21,0.0300312787557581,1,1,0,54.3891937239096
1,1,0.796627144496413,1,1,0,40.0321340374649
0,44,0.0350510833022358,2,0,0,48.5248122806661
0,21,0.0307483936909692,4,0,0,35.2752802846953
1,47,-0.270439879097688,4,1,0,53.5216219909489
0,34,0.40006258532468,1,1,1,49.5526385982521
0,33,-0.11339170828646,4,0,0,28.4087999770418
1,47,-0.124148432314626,2,1,0,49.0276679652743
1,39,-0.209485109604746,4,0,0,32.6068493188359
1,18,1.22761322055828,1,1,0,31.3840402523056
1,47,-0.463343796669472,3,1,0,56.1547089600936
1,44,-0.467646486280738,4,0,0,39.2500067153014
0,41,-0.21880760376249,4,0,0,30.1824369258247
1,47,0.0192745547275918,4,1,0,48.102497397922
0,26,-0.309881200534298,2,0,0,59.1321568470448
1,10,-0.249643545976567,4,1,0,24.7584588127211
1,44,-0.290519097283599,3,1,0,31.0063278698362
1,10,-0.463343796669472,3,1,0,57.8102942439727
1,43,0.0350510833022358,2,0,0,49.6720715542324
1,49,-0.216656258956857,2,0,0,25.2136262785643
1,47,0.107479691758556,3,0,0,29.0386864892207
1,41,-0.150681684917436,2,1,0,34.466321633663
0,18,0.0192745547275918,4,1,0,47.5556847895496
0,10,-0.124148432314626,2,1,0,43.1329760630615
1,42,-0.241755281689245,4,1,0,20.1809107419103
0,22,0.248034219059929,1,0,0,50.2922443044372
1,47,-0.32422349923852,4,1,0,52.5842567929067
0,21,0.595834962637308,2,1,1,40.0159681588411
1,7,0.0235772443388583,3,1,0,43.7699060514569
1,41,0.40006258532468,1,1,1,46.4735969807953
1,10,0.00206379628252563,2,0,0,33.1495573441498
1,21,-0.0861413407484384,2,1,0,59.3854005238973
1,31,-0.317052349886409,4,1,0,39.1656598541886
0,11,-0.101917869323082,3,0,0,42.2903442336246
1,17,-0.218090488827279,4,1,0,46.0449707950465
1,34,-0.216656258956857,1,0,0,20.6846856907941
1,11,0.349147424924693,3,1,0,37.2853026888333
0,44,-0.507804922652559,2,1,1,38.6766617419198
0,41,0.076643749544479,4,0,1,33.3019301458262
0,21,0.791607339949935,1,0,1,54.8377611814067
1,26,-0.140642075824481,2,1,0,36.2592895049602
1,33,-0.0553053985343616,3,1,0,25.3060090658255
1,31,0.437352561955657,2,1,0,39.7988099674694
0,33,-0.517127416810303,4,1,0,35.5144041217864
0,4,1.1774151750935,1,0,0,52.9743686364964
0,33,-0.317052349886409,4,1,0,38.1833225255832
1,50,2.62885580396075,1,0,0,38.0403354088776
0,31,-0.241038166754034,4,1,0,24.5487399934791
0,16,-0.283347947931488,3,1,0,31.7351723182946
1,10,-0.21880760376249,4,0,0,32.6566369552165
1,48,-0.296973131700499,2,0,0,46.1418536282144
1,33,-0.463343796669472,4,0,0,34.2875661584549
1,31,-0.517127416810303,4,1,0,36.2558216322213
0,33,-0.16645821349208,3,0,0,36.8250304320827
0,25,-0.249643545976567,4,1,0,29.1734894202091
0,4,-0.101917869323082,3,0,0,49.2144765658304
0,33,2.39722767988757,1,0,1,42.4224268831313
0,24,0.0486762670712465,2,0,0,43.8375395000912
0,36,0.791607339949935,2,1,0,49.5255825482309
1,47,-0.21880760376249,4,0,0,32.3615839448757
1,7,-0.241038166754034,4,1,0,27.2664361074567
1,33,0.0866833586374342,2,1,0,24.5796977076679
1,33,-0.458323992122994,3,1,0,55.214858551044
1,10,0.283889965820484,2,0,0,26.3411343330517
1,50,-0.223827408308968,3,1,0,41.5823108959012
1,49,1.2032313127611,1,0,0,44.7203732002527
1,37,0.784436190597825,1,0,0,20.2675837907009
0,33,0.0981571976008117,2,0,0,50.1366134779528
0,39,0.18923079437262,2,1,0,45.1639946736395
0,47,0.385003171685248,1,1,1,54.5619050692767
1,33,-0.074667501785061,2,1,0,50.7114008697681
0,33,0.0981571976008117,2,0,0,53.6996193928644
0,44,0.579341319127453,1,1,0,38.0301997647621
0,5,-0.241038166754034,3,1,0,32.9772771662101
0,36,0.823160397099223,1,1,0,45.9558834112249
1,39,-0.209485109604746,4,0,0,38.5419718688354
0,44,-0.127734006990682,4,1,0,32.5755750434473
1,24,-0.0617594329512614,3,0,0,54.8309173784219
1,10,-0.471949175892005,4,1,0,48.0541347479448
1,41,-0.463343796669472,3,1,0,51.309940032661
1,33,0.0866833586374342,2,1,0,28.9024991099723
1,33,0.488267722355644,2,1,0,29.3592703668401
0,21,-0.504219347976504,3,1,0,31.7853332636878
1,33,-0.13992496088927,2,1,0,38.5127339791507
1,50,-0.441830348613139,3,0,0,34.0579816699028
1,36,-0.11339170828646,2,1,0,46.9607122242451
1,33,0.148355243065588,4,0,0,57.6054414012469
1,16,0.0859662437022231,1,1,0,24.9508279841393
1,39,-0.0567396284047837,1,1,0,34.7585010854527
1,47,-0.21880760376249,4,0,0,36.3260690658353
0,44,-0.226695868049812,4,1,0,47.5686970190145
1,22,0.187796564502198,4,0,0,27.8165124962106
0,26,0.745711984096426,2,0,0,39.3345783324912
0,22,-0.517127416810303,4,1,0,30.9043331234716
0,10,-0.0861413407484384,2,1,0,51.2168947397731
0,49,-0.124148432314626,2,1,0,48.7237149709836
0,50,-0.317052349886409,4,1,0,33.829571378883
0,35,-0.210202224539957,4,0,0,33.1481024832465
1,22,0.0149718651163252,2,0,0,39.3333792779595
1,11,0.229389230744441,2,1,0,55.6776673928834
1,36,-0.351473866776542,2,0,0,33.578228270635
1,31,-0.415297096010329,2,1,0,41.6043344489299
1,1,0.582926893803508,3,1,0,26.4993952424265
1,36,-0.315618120015987,2,1,0,22.7795132948086
0,36,0.802364063978102,1,1,0,57.276754474733
0,24,0.467471389234523,1,1,1,20.9156826790422
0,50,0.0859662437022231,2,1,0,22.0349987689406
0,31,1.65501372194409,2,1,1,29.2869068682194
0,10,-0.322789269368098,1,1,0,23.710064990446
0,31,1.51159073490187,2,1,1,44.5607868302613
1,14,-0.489877049272282,4,1,0,58.2395851076581
1,23,0.188513679437409,2,1,0,42.2456721868366
1,28,0.282455735950062,4,1,0,35.0272997329012
0,22,-0.317052349886409,4,1,0,37.09432807751
1,22,-0.223110293373757,3,1,0,47.4796164734289
0,23,-0.283347947931488,3,1,0,30.5085086147301
1,23,-0.208050879734324,2,0,0,21.5610225591809
0,14,-0.489877049272282,4,1,0,57.9278993140906
0,28,-0.210202224539957,4,0,0,31.7186731635593
0,44,0.466754274299312,2,1,0,21.3106240122579
1,7,0.18923079437262,2,1,0,47.0230485056527
0,33,-0.13992496088927,2,1,0,34.451117371209
1,37,0.0723410599332124,2,1,0,21.554436981678
1,15,-0.386612498601885,3,1,0,27.9645369644277
0,36,0.0429393475895577,1,1,0,56.0100148105994
1,19,-0.124148432314626,2,1,0,40.7608148385771
1,16,-0.479837440179327,4,1,0,25.7886644941755
1,33,0.539182882755632,1,0,0,38.3265470503829
0,5,-0.175780707649825,3,1,0,46.9626540131867
1,5,-0.35721078625823,3,0,0,51.9330629264005
1,48,0.164131771640232,2,1,0,29.9719243496656
1,36,1.23621859978081,1,0,0,41.9655017764308
1,5,1.39828657513852,1,0,0,54.3580443412066
1,41,1.03399218805128,2,1,1,40.9923628345132
1,23,-0.0753846167202721,2,1,0,50.4647355759516
1,45,-0.0545882835991505,2,1,0,42.0664301770739
0,44,-0.357927901193441,2,0,0,30.7994482363574
1,36,-0.0839899959428051,4,0,0,42.871585956309
1,3,-0.0122785024216962,2,1,0,51.0564114549197
1,5,-0.479120325244116,3,1,0,30.0044534541667
1,5,-0.385895383666674,2,1,0,46.9891530252062
1,3,-0.149964569982225,3,1,0,58.3526184759103
0,32,-0.438961888872295,4,0,0,32.2673290478997
0,14,0.00278091121773672,4,0,1,21.0334665165283
1,1,-0.249643545976567,4,1,0,23.8760483590886
1,45,-0.497765313559604,4,1,0,35.6092782481574
1,50,-0.0617594329512614,3,0,0,56.0391377611086
1,26,2.33770714026504,2,0,0,28.840770390816
1,47,-0.208767994669535,3,1,0,55.3141286293976
0,9,-0.402389027176529,3,1,1,37.4731625569984
0,5,-0.276893913514588,2,1,0,29.2815315490589
0,33,-0.415297096010329,4,0,0,24.0459748869762
0,44,-0.150681684917436,2,1,0,37.2679835068993
0,3,0.40006258532468,2,0,0,26.0451129171997
0,23,-0.470514946021583,3,1,0,44.8521522199735
1,28,-0.0560225134695726,3,1,0,27.572117485106
0,26,0.173454265797976,2,1,1,48.6814301298
0,3,-0.169326673232925,4,1,0,43.9541502273642
0,5,-0.438961888872295,4,0,0,35.9047055477276
1,47,-0.175780707649825,3,0,0,33.8353477488272
1,24,-0.140642075824481,2,1,0,39.725938886404
1,23,0.486833492485222,1,1,0,28.9259704528376
1,5,-0.27832814338501,4,1,0,39.8830872960389
1,5,-0.325657729108942,4,1,0,23.7587411608547
1,16,-0.223827408308968,3,1,0,47.7239921712317
1,48,-0.467646486280738,4,1,0,59.1563661326654
1,36,-0.210202224539957,4,0,0,38.363884340506
1,39,-0.317052349886409,4,1,0,34.4269909663126
0,48,-0.315618120015987,2,0,0,30.4293938772753
0,10,-0.249643545976567,4,1,0,22.4764247890562
1,33,1.23836994458644,1,0,0,42.1288708597422
0,10,-0.463343796669472,3,1,0,59.9403077084571
1,10,-0.519995876551148,2,1,0,22.3085180087946
1,23,0.0859662437022231,2,1,0,28.5125233675353
1,1,-0.433942084325817,2,1,0,34.778265922796
1,27,-0.11339170828646,3,0,0,39.6069124038331
0,15,0.0486762670712465,2,0,0,41.2731823744252
1,23,0.0486762670712465,2,0,0,45.4014401882887
0,36,-0.366533280415974,4,1,1,29.9199076811783
1,15,-0.140642075824481,2,1,0,31.7322118044831
0,6,-0.438961888872295,4,0,0,36.3353077089414
0,5,-0.158569949204758,1,0,0,25.8763685729355
0,39,0.248034219059929,1,0,0,58.359970767051
1,33,1.09566407247944,2,1,0,44.1554200928658
1,45,-0.0553053985343616,4,0,0,22.8182496200316
1,5,-0.160721294010392,4,0,0,33.4427369455807
1,5,0.085249128767012,2,0,0,35.663355209399
1,6,0.958695119854119,2,0,0,22.3050990258344
0,14,-0.470514946021583,3,1,0,47.9057808988728
0,50,-0.351473866776542,2,0,0,31.2720706127584
0,36,-0.16645821349208,3,0,0,38.1993263191544
0,5,-0.220241833632912,2,1,0,48.4278619289398
1,33,-0.479120325244116,4,1,0,22.9160248371772
1,25,-0.471949175892005,4,1,0,40.679026786238
1,5,-0.0553053985343616,4,0,0,28.8015475822613
0,6,-0.0545882835991505,2,1,0,44.9058685777709
1,8,0.0350510833022358,2,0,0,43.7346931826323
1,43,-0.474817635632849,3,1,0,44.0869380137883
0,31,0.811686558135846,2,0,0,27.9797155945562
0,22,-0.463343796669472,4,0,0,37.7998279314488
1,33,-0.223110293373757,3,1,0,48.9600421418436
0,24,-0.441830348613139,3,0,0,32.3473370447755
0,21,-0.137056501148426,4,1,1,32.4152328469791
0,5,0.231540575550074,4,0,0,51.5164551278576
0,41,0.0300312787557581,1,1,0,52.8452411596663
0,48,-0.315618120015987,2,0,0,35.9217949421145
1,10,0.216481161910641,4,0,0,49.8950218223035
0,5,-0.479120325244116,3,1,0,38.8112871954218
1,49,0.00206379628252563,2,0,0,39.8949138307944
1,5,1.09638118741465,3,1,0,24.3026086175814
1,44,0.796627144496413,1,1,0,45.8244954003021
1,5,0.582926893803508,2,1,1,27.707431006711
1,44,0.258073828152885,3,1,0,29.8337791464292
1,11,-0.249643545976567,4,1,0,26.0352824931033
1,39,0.247317104124718,2,1,0,56.1656378768384
0,33,0.122539105397989,3,0,0,25.7144171907566
0,15,0.888417856203433,1,1,0,24.8000969504938
0,24,-0.386612498601885,3,1,0,24.7030084533617
1,24,-0.210202224539957,4,0,0,33.2453484158032
1,20,0.302534954135972,2,0,0,28.601606998127
0,44,0.0192745547275918,4,1,0,42.4976203357801
0,33,1.21255380691885,1,0,0,55.1634132303298
0,32,0.730652570456993,1,1,0,35.9870528080501
1,5,0.40006258532468,1,0,0,25.2147822268307
1,33,0.811686558135846,2,0,0,26.0951616545208
1,44,-0.467646486280738,4,0,0,37.5522616878152
0,23,-0.11339170828646,2,1,0,47.9951436631382
0,33,-0.517127416810303,4,1,0,32.3010117490776
1,38,-0.21880760376249,4,1,0,56.0409772023559
1,5,-0.0223181115146514,4,0,0,40.3815040155314
0,17,-0.428922279779339,2,1,0,34.2106090812013
1,19,-0.150681684917436,2,1,0,38.1925760651939
1,34,0.579341319127453,1,1,0,34.4725143187679
1,16,-0.309881200534298,2,0,0,59.4874911080115
0,1,-0.226695868049812,4,1,0,41.5507430187427
0,37,-0.433942084325817,2,1,0,32.7488326933235
0,39,-0.0553053985343616,3,1,0,25.8952784840949
1,31,-0.400237682370896,4,0,0,45.5450412537903
0,16,-0.404540371982162,3,0,0,49.0865303436294
0,36,1.2613176225132,1,1,0,35.03322891891
1,39,-0.209485109604746,4,0,0,36.1069442657754
0,19,0.118953530721933,2,1,1,37.8315553208813
0,18,0.283889965820484,2,0,0,26.0453939926811
1,41,-0.494179738883548,4,1,0,51.1018765135668
0,39,-0.415297096010329,4,0,0,27.0982129871845
0,23,-0.428922279779339,2,1,0,31.0304661863483
0,7,-0.317052349886409,4,1,0,39.8050047876313
0,48,0.164131771640232,2,1,0,25.2587198582478
1,34,-0.175780707649825,3,0,0,32.1850944915786
0,33,0.0321826235613914,4,1,0,44.131842777133
1,4,0.00206379628252563,2,0,0,31.1853602458723
1,7,-0.241038166754034,4,1,0,28.395982212387
1,33,-0.463343796669472,4,0,0,32.3751474055462
1,14,-0.428922279779339,2,1,0,31.7748374282382
0,10,-0.290519097283599,3,1,0,32.6588469697163
1,44,-0.270439879097688,4,1,0,53.7230398645625
1,48,-0.433224969390606,3,1,0,57.9591660900041
0,14,-0.400237682370896,4,0,0,40.4023781558499
1,5,-0.27832814338501,4,1,0,39.6252431184985
0,13,-0.400954797306107,2,1,0,35.9577799239196
1,43,-0.0947467199709715,4,0,0,48.8153732335195
1,39,0.0981571976008117,2,0,0,56.7154115671292
0,32,-0.0545882835991505,2,1,0,47.2961403802037
1,47,-0.0674963524329501,3,1,0,26.2325093755499
1,36,-0.351473866776542,2,0,0,33.1441153725609
0,33,-0.415297096010329,4,0,0,27.1026874915697
1,30,-0.13992496088927,2,1,0,30.0833197892644
1,18,0.931444752316098,3,0,0,26.4803833304904
1,33,1.32155527707093,2,0,0,23.9308260916732
1,26,-0.0918782602301271,3,0,0,42.960692232009
1,5,0.164131771640232,2,1,0,20.5783836380579
0,5,-0.393783647953996,4,1,1,30.7829692796804
0,22,-0.199445500511791,3,1,0,59.7567729838192
0,20,-0.241038166754034,4,1,0,20.2073141094297
1,23,-0.210202224539957,4,0,0,30.2162225288339
0,14,-0.16645821349208,3,0,0,31.0812579514459
1,14,-0.140642075824481,2,1,0,30.7114196754992
0,47,-0.124865547249837,4,0,0,23.7535628653131
0,36,0.0859662437022231,2,1,0,24.6442947373725
1,36,-0.283347947931488,3,1,0,33.5129067534581
1,25,-0.32422349923852,4,1,0,33.8713120180182
1,44,0.230106345679652,1,0,0,54.5013154554181
0,14,0.245882874254296,2,1,0,57.3207943607122
0,39,0.0866833586374342,2,1,0,20.0103618111461
0,33,-0.241038166754034,4,1,0,26.1981783225201
0,38,-0.0847071108780162,2,1,0,35.6709686783142
0,16,0.823160397099223,1,1,0,48.2311295694672
0,48,-0.373704429768085,3,0,0,41.0967430286109
1,50,-0.315618120015987,2,1,0,23.1453895522282
1,39,-0.415297096010329,2,1,0,47.9146529897116
0,33,-0.13992496088927,2,1,0,31.4740443998016
0,50,-0.140642075824481,2,1,0,34.6963453455828
1,34,0.0350510833022358,2,0,0,41.2982551311143
1,23,-0.283347947931488,3,1,0,33.599989938084
1,26,-0.208050879734324,2,0,0,25.6858614133671
0,6,-0.195859925835735,4,1,0,27.9363410756923
1,15,0.121104875527567,3,0,0,21.4591598650441
0,14,-0.400237682370896,4,0,0,42.7407970605418
0,31,-0.317052349886409,4,1,0,31.4708596025594
0,10,-0.232432787531501,3,1,0,42.0895588980056
1,11,-0.124148432314626,2,1,0,48.6365773505531
0,36,-0.283347947931488,3,1,0,33.7834139587358
0,33,-0.489877049272282,4,1,0,53.5014619701542
0,26,-0.11339170828646,2,1,0,43.3836049260572
0,36,5.42273559154315,1,0,1,54.5123391062953
1,5,-0.002956008263952,3,1,0,36.3107329490595
1,10,-0.150681684917436,2,1,0,38.5464098723605
1,3,-0.169326673232925,4,1,0,45.3645372926258
0,42,-0.140642075824481,2,1,0,33.3581686229445
0,10,-0.117694397897726,2,0,1,41.7408642987721
1,15,-0.317052349886409,4,1,0,37.0705193257891
1,41,-0.405974601852584,4,0,0,45.7029399438761
1,28,-0.0753846167202721,2,1,0,56.0990057024173
0,22,-0.209485109604746,4,0,0,35.2373001654632
1,3,0.122539105397989,2,0,0,40.2002936182544
1,36,-0.218090488827279,4,1,0,42.6759919105098
1,21,0.0723410599332124,2,1,0,27.2958655934781
1,43,0.0350510833022358,2,0,0,47.0512103638612
1,39,0.149072358000799,2,1,0,32.7652549324557
0,8,-0.232432787531501,3,1,0,49.6809499803931
1,5,-0.400954797306107,2,1,0,35.2751838462427
0,16,-0.315618120015987,2,1,0,27.453783468809
0,24,0.0486762670712465,2,0,0,44.0648863883689
0,34,-0.0674963524329501,3,1,0,25.3311670175754
0,36,0.0859662437022231,2,1,0,20.0789295975119
0,10,-0.0861413407484384,2,1,0,54.5291541982442
0,24,-0.517127416810303,4,1,0,32.8059656359255
1,48,-0.195859925835735,4,1,0,29.6888669440523
0,5,-0.27832814338501,4,1,0,39.6090399730019
0,24,0.0859662437022231,2,1,0,21.823741956614
0,6,0.604440341859841,2,1,0,26.1371941212565
1,33,-0.0567396284047837,1,1,0,32.4577702162787
0,10,-0.21880760376249,4,0,0,32.5917723751627
1,3,-0.400954797306107,4,0,0,50.324339249637
0,5,0.395759895713414,4,0,0,36.8963735341094
1,35,-0.441830348613139,3,0,0,35.3098178026266
1,15,0.0314655086261803,4,1,0,42.2180101741105
1,5,-0.386612498601885,4,0,0,26.2129230936989
1,5,0.730652570456993,1,1,0,33.9848879096098
0,27,0.232257690485285,2,1,0,39.9345093709417
1,49,0.784436190597825,2,0,0,28.4714433550835
1,26,-0.210202224539957,4,0,0,34.3900044774637
1,5,0.0651699105811015,4,1,0,20.748636580538
1,48,-0.11339170828646,3,0,0,31.8177656596527
0,28,0.0974400826656006,2,0,0,59.250027006492
1,5,-0.360079245999075,3,1,0,30.6787060759962
1,5,-0.27832814338501,4,1,0,35.6732652918436
1,17,-0.29769024663571,3,0,0,25.4781122435816
1,48,0.202855978141631,3,0,0,26.0789421154186
0,14,-0.11339170828646,2,1,0,42.8781905514188
1,48,0.085249128767012,2,0,0,35.2478691050783
0,33,-0.209485109604746,4,0,0,30.795251429081
0,28,-0.317052349886409,4,1,0,34.5374404988252
0,5,0.121104875527567,2,0,0,28.183837828692
1,5,-0.0545882835991505,2,1,0,41.4050915883854
1,48,-0.479120325244116,3,1,0,39.1758521157317
0,5,0.164131771640232,2,1,0,20.4543687193654
0,5,0.734238145133048,3,1,0,20.5373875540681
0,42,-0.351473866776542,2,0,0,30.687077336479
0,5,1.39828657513852,1,0,0,51.3047918281518
0,5,0.1168021859163,1,1,0,52.5648199324496
0,48,0.202855978141631,3,0,0,20.0364415510558
0,50,0.30110072426555,2,0,0,25.8899738127366
0,5,0.312574563228928,3,0,0,45.3595958324149
0,5,0.117519300851511,4,0,0,39.9215817195363
0,32,0.598703422378152,4,1,0,38.5656551155262
1,5,-0.160721294010392,4,0,0,37.5132996123284
0,48,-0.0545882835991505,2,1,0,49.8970377165824
0,5,1.83931226029334,2,0,1,32.2781415656209
1,32,-0.169326673232925,4,1,0,43.6835558642633
1,3,-0.386612498601885,4,0,0,24.8388053011149
1,32,-0.169326673232925,4,1,0,48.0923120304942
0,11,0.519103664569721,3,0,0,21.3877007970586
0,1,0.428030067797913,2,0,1,37.7695691236295
0,44,0.158394852158543,2,1,1,47.1334152529016
1,1,0.205007322947264,3,0,0,49.6142651420087
1,15,-0.124865547249837,2,1,1,25.821385353338
1,15,-0.0560225134695726,3,1,0,22.8529269783758
1,34,0.776547926310503,1,1,0,56.3769486616366
0,48,-0.0122785024216962,2,1,0,55.1847178838216
0,39,-0.209485109604746,4,0,0,31.3561936514452
0,17,-0.315618120015987,2,1,0,21.6612416133285
1,36,-0.283347947931488,3,1,0,37.4642232386395
1,14,2.36352327793264,1,1,0,45.119015222881
1,15,-0.0753846167202721,2,1,0,55.5448138667271
1,44,1.22761322055828,1,1,0,34.1937301075086
0,10,-0.0947467199709715,4,0,0,45.3198085119948
0,5,-0.0545882835991505,2,1,0,40.1567418500781
1,31,0.804515408783735,1,1,0,51.3871813705191
1,36,-0.479837440179327,4,1,0,28.398776713293
0,14,0.501892906124655,2,0,1,42.8271912201308
0,33,0.1103481514994,3,1,0,29.9650534428656
0,19,-0.402389027176529,3,1,1,33.5536174033768
0,36,0.0142547501811142,2,0,0,30.7955629238859
0,10,-0.127734006990682,4,1,0,30.7540933531709
0,7,-0.517127416810303,4,1,0,39.2631422821432
0,43,0.0802293242205344,2,0,1,28.0776530178264
0,44,1.2032313127611,1,0,0,48.2095708302222
0,32,-0.0847071108780162,2,1,0,38.7698911689222
0,44,0.0350510833022358,2,0,0,42.8615228016861
0,44,-0.372270199897663,4,1,1,21.9009127700701
0,11,-0.433942084325817,2,1,0,37.6315102283843
0,5,0.232257690485285,2,1,0,33.8114061998203
0,10,-0.150681684917436,4,0,0,55.9533760324121
0,5,0.085249128767012,2,0,0,35.088301631622
0,5,0.085249128767012,2,0,0,35.6380106252618
0,5,0.164131771640232,2,1,0,29.4889809354208
0,23,0.121104875527567,3,0,0,23.7550726812333
0,21,0.927859177640042,1,0,0,30.1445731124841
0,23,-0.124865547249837,2,1,1,23.3609346323647
0,5,0.164131771640232,1,1,0,26.4123255363666
0,14,1.21040246211321,1,0,0,55.0234350305982
0,34,1.2032313127611,1,0,0,48.2370435632765
0,31,0.0866833586374342,2,1,0,21.9417809555307
0,31,0.149072358000799,2,1,0,30.2336703822948
0,5,0.00636648589379217,1,1,0,35.0488648936152
0,17,-0.479837440179327,4,1,0,21.0407314938493
0,5,-0.276893913514588,1,1,0,26.5280985389836
0,39,-0.0832728810075941,4,0,0,49.3600608012639
0,10,-0.21880760376249,4,0,0,34.9301058822311
1,1,-0.290519097283599,3,1,0,31.7822312493809
0,22,-0.309881200534298,2,0,0,51.2513903714716
0,33,0.804515408783735,1,1,0,57.3011296265759
0,28,0.0429393475895577,1,1,0,50.6563314050436
1,39,-0.112674593351249,2,1,0,42.6538175693713
1,7,-0.489877049272282,4,1,0,55.9547071298584
1,1,0.447392171048612,2,1,1,28.4025783883408
1,43,-0.150681684917436,2,1,0,30.2999037038535
1,36,-0.0839899959428051,4,0,0,45.2135519962758
1,35,-0.16645821349208,3,0,0,34.5705788838677
1,3,-0.565891232404657,3,0,0,39.9821479036473
0,10,-0.290519097283599,3,1,0,32.840698803775
1,48,-0.0223181115146514,4,0,0,49.6229351265356
1,33,-0.0832728810075941,4,0,0,43.3584537473507
1,48,0.164131771640232,2,1,0,20.4522544122301
1,14,-0.283347947931488,3,1,0,39.1024866094813
1,15,1.21040246211321,1,0,0,55.1532506942749
1,44,0.720612961364038,2,0,0,30.7655530422926
1,39,0.187796564502198,4,0,0,26.1590457125567
1,15,-0.0839899959428051,4,0,0,45.4829396284185
0,44,-0.32422349923852,4,1,0,30.3963790042326
0,19,-0.359362131063864,3,1,1,46.6266758274287
0,33,1.06195967052452,2,1,1,25.491924318485
0,5,-0.0847071108780162,2,1,0,31.5165764419362
0,44,0.0945716229247562,3,0,0,39.8371752048843
1,44,-0.32422349923852,4,1,0,32.0919441175647
1,23,-0.463343796669472,4,0,0,30.8437112043612
1,5,-0.0223181115146514,4,0,0,48.5141095519066
0,5,-0.11339170828646,3,0,0,30.7969736121595
0,25,0.776547926310503,1,1,0,58.5811243229546
0,33,0.0493933820064576,2,0,0,41.9973982381634
0,5,0.40006258532468,2,0,0,21.1562264664099
1,44,0.796627144496413,1,1,0,42.6962967053987
1,25,0.172737150862765,2,1,0,49.0038762334734
1,10,-0.463343796669472,3,1,0,53.1297291838564
1,25,1.2032313127611,1,0,0,46.5800854424015
1,44,-0.0947467199709715,4,0,0,49.9038638803177
1,38,0.1168021859163,1,1,0,53.2464439258911
1,50,-0.389480958342729,3,0,0,50.3588757384568
1,5,0.085249128767012,2,0,0,34.5373281557113
1,36,1.23621859978081,1,0,0,42.2874104510993
1,15,0.108196806693767,3,0,0,33.5205428139307
1,48,-0.27832814338501,4,1,0,35.1092822290957
1,10,-0.494179738883548,4,1,0,51.5955792111345
0,49,-0.0861413407484384,2,1,0,57.0076901628636
1,5,-0.175780707649825,3,1,0,45.8599127386697
1,3,0.17632272553882,2,0,0,53.5781236551702
0,34,0.0830977839613788,2,0,0,57.0627450477332
1,50,-0.0617594329512614,3,0,0,59.1058402461931
1,44,-0.520712991486359,4,1,0,37.7554980316199
1,14,0.602288997054208,1,1,0,35.6423832639121
1,25,-0.270439879097688,4,1,0,53.7841781065799
1,5,0.104611232017711,4,1,0,48.5197399975732
1,47,0.205007322947264,3,0,0,44.7673331270926
0,39,-0.13992496088927,2,1,0,33.4449640777893
0,39,-0.317052349886409,4,1,0,39.010575087741
1,34,-0.226695868049812,4,1,0,47.8114103944972
0,44,-0.494179738883548,4,1,0,52.1545856702141
1,44,-0.290519097283599,3,1,0,38.3063277415931
1,20,1.79556824924546,1,0,0,31.6808412759565
0,32,0.00851783069942544,3,1,0,26.4234975958243
0,44,0.239428839837396,1,1,1,39.4986561732367
0,48,0.00206379628252563,3,0,0,58.0120652914047
0,47,1.87660223692431,1,1,0,34.6546623297036
1,47,0.0723410599332124,1,1,0,24.051741915755
1,11,0.0723410599332124,2,1,0,28.9639018522575
1,44,-0.433942084325817,2,1,0,35.8485626918264
1,4,-0.226695868049812,4,1,0,48.8059380231425
0,20,-0.0610423180160503,3,0,0,50.7367273257114
0,33,-0.13992496088927,2,1,0,35.7556131947786
0,39,-0.428205164844128,2,1,0,37.3790930956602
0,39,-0.209485109604746,4,0,0,34.4866155157797
0,31,1.69373792844549,2,1,0,23.1468193349428
0,20,0.0493933820064576,2,0,0,44.0678479918279
1,33,-0.428922279779339,4,0,0,57.0078223268501
1,31,-0.385895383666674,3,1,0,22.8852692968212
0,33,-0.499916658365237,3,1,0,33.7124351412058
0,33,0.0866833586374342,2,1,0,22.8568816464394
0,39,-0.112674593351249,2,1,0,48.9591661049053
0,33,0.824594626969646,1,1,0,49.9790641898289
0,39,0.302534954135972,2,0,0,23.7263861438259
0,33,-0.312749660275143,4,0,1,30.4962227423675
0,39,-0.334263108331475,2,0,0,47.505183883477
0,31,-0.317052349886409,4,1,0,38.493875162676
0,39,-0.282630832996277,3,1,0,38.4350988455117
0,31,0.0981571976008117,2,0,0,50.0520935165696
0,22,3.08637513262542,1,1,0,52.8756526950747
0,7,0.90634572958371,1,0,1,20.6619224487804
0,33,-0.13992496088927,2,1,0,38.3090447238646
1,10,-0.208767994669535,3,1,0,52.3223595507443
1,33,-0.13992496088927,2,1,0,33.3838417287916
0,33,2.39722767988757,1,0,1,47.7643213560805
0,39,-0.13992496088927,2,1,0,35.7259501260705
0,33,0.18923079437262,2,1,0,48.1096312659793
0,39,-0.499916658365237,3,1,0,32.2534931451082
1,46,1.23836994458644,1,0,0,41.0167560726404
0,33,0.0945716229247562,2,0,1,20.4557296610437
0,33,-0.13992496088927,4,0,0,50.0789811066352
1,17,-0.262551614810366,4,1,0,56.446643283125
1,33,0.18923079437262,2,1,0,40.0231867702678
1,39,-0.489877049272282,4,1,0,56.4665079372935
1,18,0.00206379628252563,2,0,0,32.7743563894182
1,31,-0.315618120015987,2,1,0,20.6028781225905
1,31,0.961563579594964,3,0,0,29.1232955316082
1,7,-0.347171177165275,3,1,0,40.1978870062158
0,39,1.21255380691885,1,0,0,52.5207990314811
0,39,0.248034219059929,1,0,0,56.7646724916995
0,33,-0.517127416810303,4,1,0,33.7874372303486
0,33,0.0465249222656132,3,1,1,52.058565816842
1,10,-0.311315430404721,3,0,0,32.4010989186354
1,36,0.188513679437409,2,1,0,56.1222597816959
0,31,1.5653743550427,1,1,0,59.4271198567003
1,39,-0.0610423180160503,3,0,0,59.2722576064989
1,24,-0.317052349886409,4,1,0,35.9034338500351
0,7,-0.317052349886409,4,1,0,36.7287328327075
0,24,0.0859662437022231,2,1,0,21.9702645903453
1,39,-0.217373373892068,4,1,0,49.5276302681305
1,47,-0.175780707649825,3,0,0,31.3410094589926
1,14,-0.317052349886409,4,1,0,32.41796228569
1,23,-0.16645821349208,3,0,0,33.4670713660307
1,42,-0.140642075824481,2,1,0,36.396052474156
0,24,-0.389480958342729,3,0,0,57.8148418990895
0,23,-0.210202224539957,4,0,0,39.3889449164271
0,50,0.0974400826656006,2,0,0,51.6008673096076
1,39,0.0866833586374342,2,1,0,21.6206147428602
0,36,-0.317052349886409,4,1,0,38.4175528143533
1,23,-0.11339170828646,2,1,0,49.2009900114499
1,39,-0.385895383666674,3,1,0,20.1013192045502
1,7,-0.428205164844128,2,1,0,30.5698121991009
1,34,0.252336908671196,3,1,0,46.4956478215754
1,33,-0.463343796669472,4,0,0,32.4122668476775
1,23,0.147638128130377,2,1,0,33.3304443629459
1,23,-0.140642075824481,2,1,0,34.0059235598892
0,24,-0.317052349886409,4,1,0,38.6067665345035
1,10,-0.0674963524329501,3,1,0,27.2465483564883
1,14,-0.210202224539957,4,0,0,34.8140018130653
0,44,-0.150681684917436,2,1,0,37.2843484720215
0,36,0.0429393475895577,1,1,0,59.0789803559892
0,31,-0.207333764799113,2,0,0,29.0739668323658
0,14,-0.229564327790656,3,1,1,28.5296641779132
1,14,0.233691920355708,4,1,0,28.4217282221653
1,34,0.283889965820484,2,0,0,29.3229925795458
1,34,0.0723410599332124,2,1,0,25.8022702927701
1,36,-0.11339170828646,2,1,0,47.4478691257536
0,50,-0.0918782602301271,3,0,0,49.3703262810595
1,39,0.0149718651163252,2,0,0,37.1807206026278
1,24,-0.317052349886409,4,1,0,39.8461608099751
1,23,0.486833492485222,2,1,0,20.9694291837513
0,26,-0.395934992759629,2,1,0,52.9112220439129
1,50,-0.441830348613139,3,0,0,34.8205009219237
1,11,0.579341319127453,1,1,0,32.5098037766293
1,17,-0.0660621225625279,3,1,0,39.3059235764667
1,26,-0.140642075824481,2,1,0,36.0924903745763
1,36,0.0142547501811142,2,0,0,33.2733381842263
1,23,0.0859662437022231,2,1,0,22.9785470128991
0,14,-0.0839899959428051,4,0,0,49.4433208508417
1,15,0.052978956682513,1,1,0,41.2855942407623
1,10,-0.392349418083574,3,1,0,29.8099456797354
0,7,-0.499916658365237,3,1,0,32.6789664011449
0,23,0.108196806693767,3,0,0,38.6731754429638
0,50,0.467471389234523,2,1,1,23.8278167764656
0,36,-0.395934992759629,2,1,0,52.1718332311139
1,11,-0.0674963524329501,3,1,0,29.2785111069679
0,50,0.0974400826656006,2,0,0,56.0137853538617
0,10,0.0723410599332124,2,1,0,22.8899821941741
0,1,1.03399218805128,2,1,1,46.3634114246815
0,14,-0.210202224539957,4,0,0,32.9158706823364
0,1,-0.175780707649825,3,0,0,37.6387485372834
1,10,-0.0725161569794277,3,0,0,56.1314415582456
1,37,1.00028778609636,2,0,1,33.9001308334991
1,44,-0.401671912241318,2,1,0,53.089661244303
1,16,-0.200162615447002,3,1,0,56.1138646886684
0,26,0.159111967093754,3,0,1,34.1498176683672
0,8,-0.299124476506132,2,1,1,33.2876263954677
0,21,0.447392171048612,2,1,1,23.7929701595567
0,23,-0.114108823221671,4,0,0,23.6347811575979
1,14,-0.415297096010329,2,1,0,40.8982715685852
1,36,1.3194039322653,2,0,0,21.065723428037
1,34,0.466754274299312,2,1,0,20.6364651117474
0,33,-0.428205164844128,2,1,0,32.4918651278131
1,36,-0.11339170828646,2,1,0,44.346991055645
1,26,-0.29769024663571,3,0,0,22.4134393339045
1,44,-0.0947467199709715,4,0,0,44.9611353268847
1,36,-0.16645821349208,3,0,0,35.4132029553875
1,10,-0.21880760376249,4,0,0,35.8252706611529
1,10,-0.175780707649825,3,0,0,33.0910788406618
1,10,-0.290519097283599,3,1,0,36.168935385067
1,14,-0.11339170828646,2,1,0,48.755704627838
1,50,-0.140642075824481,2,1,0,39.1799187916331
1,18,0.00206379628252563,2,0,0,38.5995406587608
1,34,-0.150681684917436,2,1,0,32.7738940180279
1,14,0.0486762670712465,2,0,0,46.8778681894764
1,50,-0.386612498601885,3,1,0,20.4415682191029
1,33,-0.317052349886409,4,1,0,37.8250279813074
1,39,-0.385895383666674,3,1,0,21.6974127152935
1,47,0.205007322947264,3,0,0,42.6700883195736
0,25,1.00028778609636,2,0,1,35.5267318710685
0,10,-0.0725161569794277,3,0,0,55.1134747010656
0,11,-0.137056501148426,4,1,1,39.1534661478363
1,19,-0.32422349923852,4,1,0,37.2412017988972
1,44,-0.0674963524329501,3,1,0,27.763022959698
0,21,-0.150681684917436,4,0,0,55.8474994264543
0,50,-0.428922279779339,2,1,0,33.9551099389791
1,44,-0.395217877824418,3,0,0,50.4348910716362
1,43,2.3412927149411,1,0,1,41.3037549913861
1,23,0.0859662437022231,2,1,0,25.1027510664426
1,23,0.810252328265424,2,0,0,25.6923931604251
0,44,-0.279762373255433,2,1,1,42.0210777991451
0,10,0.0723410599332124,2,1,0,24.8130552610382
0,44,0.258073828152885,3,1,0,26.8638586718589
1,15,0.0429393475895577,1,1,0,56.1671476904303
1,10,0.0300312787557581,1,1,0,50.0755807594396
1,26,-0.11339170828646,2,1,0,46.733787425328
0,15,-0.0617594329512614,3,0,0,54.3234429555014
1,10,-0.463343796669472,3,1,0,53.2316882372834
1,44,0.0336168534318136,2,0,0,26.8544803070836
1,44,-0.232432787531501,3,1,0,46.0361201642081
0,11,-0.124148432314626,2,1,0,45.5774432281032
0,23,1.71525137650182,2,0,1,25.0436096196063
0,34,1.67437582519479,2,0,1,27.032320171129
0,43,-0.0875755706188606,3,1,1,31.8908823630773
1,44,0.0350510833022358,2,0,0,47.1525327349082
1,43,-0.21880760376249,4,0,0,39.9309228966013
1,23,0.108196806693767,3,0,0,31.9009232497774
1,18,0.00206379628252563,2,0,0,35.5874977144413
1,33,0.0493933820064576,2,0,0,42.8025562991388
1,23,0.188513679437409,2,1,0,46.5878881514072
1,36,0.5047613658655,2,0,0,55.7870177179575
1,25,-0.504219347976504,3,1,0,36.4319020672701
1,49,-0.0861413407484384,2,1,0,57.3052362608723
0,19,-0.319920809627254,4,0,1,37.9650050424971
0,35,-0.0839899959428051,4,0,0,41.5842783963308
0,4,-0.463343796669472,3,1,0,51.1704061133787
1,36,0.0486762670712465,2,0,0,47.4199937726371
1,36,0.0579987612289906,3,1,0,58.9617025107145
1,19,0.469622734040156,2,1,0,49.3748418148607
1,39,-0.241038166754034,4,1,0,22.5304363714531
0,44,0.158394852158543,2,1,1,48.7929547065869
0,43,-0.150681684917436,2,1,0,32.9836971894838
0,23,0.0142547501811142,2,0,0,34.8290378740057
0,19,0.428030067797913,2,0,1,37.2757076239213
0,23,-0.315618120015987,2,1,0,27.5048095919192
1,25,-0.290519097283599,3,1,0,31.318236105144
1,43,-0.0947467199709715,4,0,0,41.6699475166388
1,47,-0.0775359615259053,3,1,0,31.1637681117281
0,24,-0.283347947931488,3,1,0,34.3611970474012
0,23,-0.210202224539957,4,0,0,39.5642295549624
0,44,0.144769668389532,3,0,1,32.3626557411626
0,21,1.67437582519479,2,0,1,28.1936143408529
1,19,0.107479691758556,3,0,0,28.8392944494262
1,27,0.486833492485222,2,0,0,37.7359993755817
1,44,0.0350510833022358,2,0,0,47.9147336748429
0,47,-0.150681684917436,2,1,0,32.867024152074
1,5,0.00206379628252563,3,0,0,53.2349437335506
1,10,1.28498241537517,2,0,0,23.5013766866177
1,44,0.107479691758556,3,0,0,25.7301689544693
0,16,-0.262551614810366,4,1,0,56.2891789502464
1,23,-0.441830348613139,3,0,0,33.8460851390846
1,5,-0.160721294010392,4,0,0,30.5526163126342
1,48,0.66324376654715,3,0,0,26.0868370602839
1,10,-0.463343796669472,3,1,0,56.6420847014524
1,7,0.811686558135846,2,0,0,26.5436535817571
1,5,0.164131771640232,2,1,0,20.2515098475851
1,10,-0.401671912241318,2,1,0,56.1880532326177
0,5,0.17632272553882,2,0,0,50.1907908800058
0,44,-0.150681684917436,2,1,0,39.4135728990659
0,24,-0.140642075824481,2,1,0,31.3807566463947
1,17,-0.315618120015987,2,1,0,27.027539240662
0,14,-0.16645821349208,3,0,0,31.6678514401428
0,48,-0.0144298472273294,3,1,1,33.0375536438078
1,6,-0.0309234907371845,3,0,0,45.9256468922831
1,45,0.202855978141631,3,0,0,29.75576718105
1,10,0.0350510833022358,2,0,0,40.8316960325465
1,18,2.16344821100875,1,0,0,49.1999356960878
1,36,-0.200162615447002,3,1,0,56.7189424950629
0,5,-0.0545882835991505,2,1,0,43.6562581942417
0,48,-0.0122785024216962,2,1,0,59.4776624278165
1,23,-0.218090488827279,4,1,0,45.5047403811477
0,17,0.0429393475895577,1,1,0,56.1886437539943
0,6,-0.0545882835991505,2,1,0,43.2182455249131
0,5,-0.0309234907371845,3,0,0,43.0520747508854
0,24,-0.223827408308968,3,1,0,49.7522615664639
0,3,0.085249128767012,2,0,0,32.0961816026829
0,16,-0.428922279779339,2,1,0,38.35877655074
0,8,-0.0861413407484384,2,1,0,58.7916318164207
0,5,-0.169326673232925,4,1,0,46.9354042224586
0,10,0.776547926310503,1,1,0,56.1932812817395
0,21,0.481096573003534,2,0,1,47.109030506108
0,32,-0.0847071108780162,2,1,0,35.0174871063791
1,5,0.164131771640232,1,1,0,23.6374928476289
0,44,-0.249643545976567,4,1,0,26.8608662229963
1,5,-0.497765313559604,4,1,0,33.4409264964052
1,10,-0.32422349923852,4,1,0,39.0897068264894
1,32,-0.479120325244116,3,1,0,35.8298184257001
1,5,0.164131771640232,2,1,0,21.333199092187
1,49,-0.270439879097688,4,1,0,58.8816742086783
0,15,0.0142547501811142,2,0,0,37.406697368715
0,50,0.188513679437409,2,1,0,43.5669725504704
1,5,-0.241038166754034,3,1,0,32.3631738428958
1,11,-0.32422349923852,4,1,0,32.5427320390008
1,1,0.0300312787557581,1,1,0,50.0768650975078
0,50,0.30110072426555,1,0,0,21.733293668367
1,36,-0.237452592077978,4,0,1,24.2727477988228
0,48,0.104611232017711,4,1,0,46.3314258633181
0,3,-0.400954797306107,2,1,0,33.2537921867333
1,32,-0.21880760376249,4,1,0,55.3740120562725
1,33,-0.124148432314626,1,1,1,29.3811076739803
1,10,0.428030067797913,2,0,1,33.4844048856758
1,48,-0.276893913514588,1,1,0,29.8758551012725
0,38,0.085249128767012,2,0,0,30.9215168864466
1,6,-0.160721294010392,4,0,0,33.7431495008059
0,18,-0.494179738883548,4,1,0,50.2303455863148
0,39,-0.350756751841331,2,0,0,39.934031481389
0,38,-0.276893913514588,2,1,0,23.3949790033512
0,33,1.23836994458644,1,0,0,44.1836544359103
0,32,0.164131771640232,1,1,0,27.0088641974144
0,5,0.40006258532468,1,0,0,28.37463934673
0,33,0.0866833586374342,2,1,0,26.9706564070657
0,4,0.0723410599332124,2,1,0,23.7723556160927
1,15,-0.415297096010329,2,1,0,46.1052209581248
1,23,-0.479837440179327,4,1,0,27.2196194343269
0,5,-0.195859925835735,4,1,0,24.4348387070931
0,24,0.232974805420497,4,0,0,43.0245831189677
0,23,-0.114108823221671,4,0,0,23.4781553805806
0,39,-0.112674593351249,2,1,0,47.9034519079141
0,50,-0.489877049272282,4,1,0,57.6926097786054
1,26,-0.264702959616,2,1,0,47.2946150042117
1,23,-0.0839899959428051,4,0,0,40.9442368336022
1,8,0.519103664569721,3,0,0,25.6378973112442
1,29,-0.373704429768085,3,0,0,46.1035461886786
0,44,-0.0674963524329501,3,1,0,24.9867385881953
0,18,0.283889965820484,2,0,0,24.769621079322
0,44,-0.0947467199709715,4,0,0,40.3403368941508
1,16,0.0486762670712465,2,0,0,47.8453690675087
0,15,0.0142547501811142,2,0,0,38.4397325641476
1,50,-0.16645821349208,3,0,0,38.1595403701067
1,33,-0.352908096646964,3,1,1,46.2490901071578
1,47,-0.504219347976504,3,1,0,33.0735809565522
1,36,-0.41601421094554,4,0,0,28.0421485984698
1,33,-0.0553053985343616,3,1,0,28.1284891488031
1,47,-0.32422349923852,4,1,0,31.0750078596175
1,44,-0.420316900556806,2,1,0,40.0575149618089
1,6,0.00851783069942544,3,1,0,25.9446706925519
1,31,1.28856799005122,3,0,1,21.9600935815834
1,14,0.0429393475895577,1,1,0,55.2237340994179
1,5,0.34054204570216,1,0,0,52.3736598924734
1,31,0.488267722355644,2,1,0,21.6450593690388
0,47,0.527709043792254,4,0,0,40.2523821592331
1,44,-0.446850153159617,3,0,0,32.6067465078086
1,3,-0.0309234907371845,3,0,0,45.2654250944033
1,5,-0.479120325244116,3,1,0,32.9877521656454
0,11,0.107479691758556,3,0,0,22.2724056965671
0,5,0.164131771640232,2,1,0,27.2870918596163
0,38,-0.0847071108780162,2,1,0,37.518420687411
0,26,0.0859662437022231,2,1,0,25.3825121419504
1,36,-0.0753846167202721,2,1,0,57.6874459092505
1,6,-0.002956008263952,3,1,0,39.7108650300652
1,5,-0.241038166754034,3,1,0,39.5314824185334
1,31,-0.463343796669472,4,0,0,37.7609649556689
1,10,-0.581667760979301,3,0,0,39.7617553710006
1,31,0.302534954135972,2,0,0,29.8823242797516
1,33,-0.309881200534298,2,0,0,53.8818028476089
1,5,-0.415297096010329,3,0,0,36.5926275751553
1,23,-0.395934992759629,2,1,0,57.0000376133248
0,33,-0.470514946021583,3,1,0,48.4725207625888
0,20,0.0866833586374342,2,1,0,24.8332928493619
0,15,-0.428922279779339,2,1,0,30.2524842368439
1,26,-0.415297096010329,2,1,0,45.4550695954822
1,5,-0.415297096010329,3,0,0,33.4124486311339
0,48,-0.565891232404657,3,0,0,38.6784551944584
0,11,-0.150681684917436,2,1,0,35.0293586961925
1,43,-0.127734006990682,4,1,0,31.5623806114309
0,33,-0.223110293373757,3,1,0,42.0873293373734
1,7,0.0493933820064576,2,0,0,46.6722311172634
1,20,-0.315618120015987,2,1,0,20.0360661791638
1,39,-0.13992496088927,2,1,0,38.9761551981792
0,49,1.1774151750935,1,0,0,58.6179452785291
1,29,-0.446850153159617,3,1,0,46.8325370992534
0,39,0.824594626969646,1,1,0,42.7082974743098
1,5,0.00851783069942544,3,1,0,26.6443869378418
0,3,-0.479120325244116,3,1,0,36.2206524051726
0,16,0.0859662437022231,2,1,0,29.4133477192372
1,48,-0.446850153159617,3,1,0,46.8716603098437
0,5,0.216481161910641,2,1,1,35.3754251240753
1,22,-0.395934992759629,2,1,0,53.4048221679404
1,7,-0.241038166754034,4,1,0,22.4985341355205
1,41,-0.0674963524329501,3,1,0,27.9550924478099
1,10,-0.32422349923852,4,1,0,30.2836424275301
1,7,-0.0653450076273168,3,1,0,33.6342063779011
0,10,-0.290519097283599,3,1,0,37.7782422699966
0,36,0.0142547501811142,2,0,0,31.7860003025271
0,33,-0.350756751841331,2,0,0,31.1676035705023
1,39,-0.209485109604746,4,0,0,35.7662583724596
1,31,-0.428205164844128,2,1,0,32.7806628774852
1,50,0.0859662437022231,2,1,0,24.925720540341
0,26,-0.218090488827279,4,1,0,43.141424190253
0,23,0.0192745547275918,4,1,1,48.3590340916999
1,31,-0.441830348613139,3,0,0,37.8816883359104
0,49,-0.290519097283599,3,1,0,34.7411791910417
0,26,0.0142547501811142,2,0,0,32.800955704879
1,44,-0.382309808990618,4,1,0,55.9728170908056
0,50,-0.16645821349208,3,0,0,36.6463012318127
1,20,-0.112674593351249,2,1,0,45.7919447822496
1,47,-0.249643545976567,4,1,0,27.9127003531903
0,5,-0.002956008263952,3,1,0,38.0492995772511
0,10,0.00206379628252563,2,0,0,30.3796972241253
1,5,-0.276893913514588,1,1,0,24.4794919528067
1,39,0.276001701533162,3,1,0,25.6641510827467
0,23,-0.210202224539957,4,0,0,39.6208562143147
1,50,-0.210202224539957,4,0,0,38.8025793456472
1,22,-0.499916658365237,3,1,0,37.1912407316267
1,14,0.0142547501811142,2,0,0,37.804740704596
1,20,0.0436564625247688,1,1,0,57.7765589719638
1,47,0.133295829426155,2,1,0,36.9280688022263
1,44,0.0300312787557581,1,1,0,57.5816192710772
1,1,0.361338378823282,2,0,0,39.6621782309376
1,11,-0.216656258956857,2,0,0,28.8271536095999
1,5,0.00851783069942544,3,1,0,23.3537108218297
1,23,-0.386612498601885,3,1,0,22.622329685837
1,43,0.0350510833022358,2,0,0,41.5572783933021
1,39,0.18923079437262,2,1,0,49.5346250734292
1,44,0.00206379628252563,2,0,0,39.1605689004064
1,47,2.16344821100875,1,0,0,40.0480291200802
0,34,-0.21880760376249,4,0,0,35.0897361920215
1,23,-0.16645821349208,3,0,0,39.3104969291016
1,47,-0.208767994669535,3,1,0,53.7678631022573
1,15,-0.140642075824481,2,1,0,38.0572260497138
0,33,-0.0553053985343616,3,1,0,21.3437072886154
0,39,-0.463343796669472,4,0,0,36.5707796788774
1,32,-0.0545882835991505,2,1,0,44.7072342946194
0,5,1.51732765438356,2,0,0,28.9025725238025
0,33,-0.0567396284047837,1,1,0,30.2975645125844
1,19,-0.290519097283599,3,1,0,32.6498356857337
1,37,-0.471949175892005,4,1,0,45.2116935350932
1,11,-0.150681684917436,2,1,0,31.2889104662463
0,23,0.447392171048612,2,0,1,37.5468773464672
0,18,0.927859177640042,1,0,0,34.3043546983972
1,10,-0.32422349923852,4,1,0,32.7834531408735
1,5,0.164131771640232,2,1,0,25.0570074911229
1,5,-0.578082186303246,4,0,0,39.6010871254839
1,49,0.876944017240055,2,0,1,29.3600825825706
1,23,0.0429393475895577,1,1,0,57.1600605663843
1,45,-0.365099050545552,2,1,0,53.5672397003509
0,48,-0.0545882835991505,2,1,0,47.7497444208711
0,15,0.0859662437022231,2,1,0,29.1277700127102
0,42,0.0142547501811142,2,0,0,35.5320608895272
1,39,-0.247492201170934,3,0,0,43.3500607963651
1,21,-0.40956017652864,3,0,0,40.1145158754662
0,10,-0.0947467199709715,4,0,0,47.1493826480582
1,10,0.361338378823282,2,0,0,39.4075348298065
0,19,0.118953530721933,2,1,1,30.3852533572353
0,7,-0.517127416810303,4,1,0,39.7267822921276
0,39,-0.428205164844128,2,1,0,38.124350272119
1,33,-0.30414428105261,3,0,0,33.6010408867151
1,36,-0.0839899959428051,4,0,0,47.2031734930351
0,37,-0.474817635632849,3,1,0,44.0270433505066
1,17,-0.317052349886409,4,1,0,33.6956726945937
1,17,-0.210202224539957,4,0,0,36.0230179224163
1,33,0.149072358000799,2,1,0,32.5217013130896
1,37,-0.405974601852584,4,0,0,43.8328221114352
1,3,-0.0545882835991505,2,1,0,45.6035645725206
1,10,1.52378168880046,1,1,0,59.6852467162535
0,21,0.107479691758556,3,0,0,23.4982048021629
0,34,-0.124148432314626,2,1,0,47.2625839873217
0,14,-0.127016892055471,4,1,1,32.8008903819136
0,15,0.823160397099223,1,1,0,48.8776912353933
1,22,-0.317052349886409,4,1,0,31.2851313198917
1,28,0.121104875527567,3,0,0,21.7408038233407
1,36,-0.283347947931488,3,1,0,30.4568484285846
0,21,-0.520712991486359,4,1,0,33.5571319423616
1,1,-0.494179738883548,4,1,0,56.9360728608444
1,39,-0.385895383666674,3,1,0,29.9818835407495
1,44,-0.249643545976567,4,1,0,26.4809416304342
0,34,-0.299124476506132,2,1,1,31.1870077066123
0,21,-0.232432787531501,3,1,0,43.1760716903955
1,6,-0.11339170828646,3,0,0,37.3960420605727
0,21,-0.137056501148426,4,1,1,31.6464811493643
1,17,-0.140642075824481,2,1,0,38.30591712147
0,39,-0.209485109604746,4,0,0,32.0886149024591
0,14,-0.140642075824481,2,1,0,32.776287861634
1,36,-0.0839899959428051,4,0,0,49.559554643929
1,36,0.0859662437022231,2,1,0,23.7766485870816
1,5,0.122539105397989,2,0,0,45.1495632017031
1,14,-0.315618120015987,2,1,0,25.8637649822049
1,36,0.27456747166274,3,1,0,28.3173701842315
1,5,0.00851783069942544,3,1,0,26.6727620782331
1,24,-0.517127416810303,4,1,0,34.1039829188958
1,25,0.172020035927554,4,0,0,24.9882868095301
0,44,0.107479691758556,3,0,0,24.3030728190206
0,14,-0.0768188465906942,3,1,1,39.4118695915677
0,14,-0.283347947931488,3,1,0,30.5988667951897
1,3,-0.0545882835991505,2,1,0,46.3051869883202
1,15,-0.415297096010329,2,1,0,48.672914148774
1,5,-0.558720083052547,2,1,0,38.6933233565651
1,1,-0.124148432314626,2,1,0,40.7210872531869
1,1,0.0802293242205344,2,0,1,22.7272890042514
1,44,-0.520712991486359,4,1,0,37.18381797662
1,25,-0.357927901193441,2,0,0,30.4473993554711
1,16,-0.517127416810303,4,1,0,33.4102025232278
0,14,-0.241755281689245,4,1,0,27.91138200555
0,27,-0.175780707649825,3,1,0,46.9785347697325
1,25,-0.127734006990682,4,1,0,36.1233383999206
1,48,-0.373704429768085,3,0,0,48.087613794487
1,50,1.3194039322653,1,0,0,21.4105440350249
1,4,-0.124148432314626,2,1,0,43.668088929262
1,14,0.0859662437022231,1,1,0,28.2827053382061
0,26,-0.517127416810303,4,1,0,37.7220357279293
0,19,-0.433942084325817,2,1,0,30.4483462497592
0,26,0.246599989189507,1,0,0,51.6481383377686
1,1,0.283889965820484,2,0,0,20.3113609808497
1,25,0.0307483936909692,4,0,0,35.4329083859921
1,43,0.927859177640042,1,0,0,33.5555159673095
0,44,-0.124148432314626,2,1,0,42.9575152299367
0,50,-0.0918782602301271,3,0,0,45.5076646432281
0,3,-0.0545882835991505,2,1,0,41.8488928372972
1,24,-0.517127416810303,4,1,0,30.0377451116219
1,44,-0.0947467199709715,4,0,0,43.3895959076472
1,1,0.00206379628252563,2,0,0,30.8542876993306
1,14,-0.470514946021583,3,1,0,49.5912753534503
1,5,-0.0545882835991505,2,1,0,40.5605458072387
1,5,1.48505748229906,2,1,0,29.9352211994119
1,45,0.00206379628252563,3,0,0,58.9781522075646
1,5,-0.446850153159617,3,1,0,49.2562330653891
1,45,-0.0847071108780162,2,1,0,37.748301171232
1,48,-0.11339170828646,3,0,0,33.9774472010322
1,5,-0.160721294010392,4,0,0,36.2332959333435
1,3,-0.0847071108780162,4,0,0,52.9950429406017
0,27,0.232257690485285,2,1,0,30.8358707977459
0,5,0.276001701533162,2,1,0,45.3382673463784
0,38,-0.27832814338501,4,1,0,34.9071233579889
1,5,-0.443264578483561,4,1,0,44.1854166169651
0,5,1.42625405761175,1,0,0,46.1094994051382
1,5,0.17632272553882,2,0,0,54.6722509455867
1,5,-0.479120325244116,3,1,0,34.1959720826708
1,5,-0.467646486280738,4,1,0,56.5606590220705
0,5,-0.195859925835735,4,1,0,26.1454466707073
0,32,-0.0545882835991505,2,1,0,40.0572736538015
0,5,-0.386612498601885,4,0,0,20.9612357220612
1,6,-0.354342326517386,3,1,0,23.9521152758971
1,29,-0.0553053985343616,4,0,0,27.7340159518644
0,5,-0.479120325244116,3,1,0,36.3340368191712
1,3,-0.0545882835991505,2,1,0,45.6837683240883
1,5,0.00851783069942544,3,1,0,28.9819918852299
0,5,0.085249128767012,2,0,0,38.4685696684755
0,5,0.0816635540909566,3,1,1,49.3958342750557
