"county","floor","radon","cgroup"
1,0,1.252762968,1
1,0,0.832909123,1
1,0,2.079441542,1
1,0,1.435084525,1
1,0,-0.916290732,1
1,1,0.955511445,1
1,0,1.722766598,1
1,0,1.568615918,1
1,0,0.262364264,1
1,0,1.280933845,1
1,0,1.667706821,1
1,0,3.186352633,1
1,0,1.280933845,1
1,0,1.280933845,1
1,0,0.262364264,1
1,0,3.688879454,1
1,0,0.916290732,1
1,0,1.410986974,1
1,0,3.165475048,1
1,1,0.641853886,1
1,0,-0.356674944,1
1,0,0.741937345,1
2,0,0.916290732,1
2,0,0.875468737,1
2,0,0.641853886,1
2,0,0.262364264,1
2,1,-2.302585093,1
2,0,2.58021683,1
2,0,1.667706821,1
2,0,1.252762968,1
2,0,1.704748092,1
2,1,-0.693147181,1
2,0,0.875468737,1
2,0,1.916922612,1
2,1,0.530628251,1
2,1,0.262364264,1
2,0,0.693147181,1
2,0,1.791759469,1
2,0,-0.223143551,1
2,0,1.435084525,1
2,0,2.32238772,1
2,0,4.34120464,1
2,0,1.098612289,1
2,1,-0.356674944,1
2,0,0.405465108,1
2,0,0.262364264,1
2,0,2.917770732,1
2,0,1.223775432,1
3,0,0.832909123,1
3,0,-0.510825624,1
3,0,1.098612289,1
3,0,-0.693147181,1
3,0,2.954910279,1
3,0,3.891820298,1
3,0,0.587786665,1
3,0,3.650658241,1
3,0,1.098612289,1
3,1,2.197224577,1
3,0,1.223775432,1
3,0,0.641853886,1
3,0,0.993251773,1
3,0,0.78845736,1
3,0,0.916290732,1
3,0,-0.223143551,1
3,0,-0.105360516,1
3,0,-0.916290732,1
3,0,0.641853886,1
3,0,0.470003629,1
3,0,4.028916757,1
3,0,0.832909123,1
3,0,3.328626689,1
3,0,1.252762968,1
3,0,0.09531018,1
3,0,0.09531018,1
3,0,1.335001067,1
3,0,1.386294361,1
3,0,0.405465108,1
3,1,-0.916290732,1
3,0,0.09531018,1
3,0,1.824549292,1
3,0,2.079441542,1
3,0,1.131402111,1
3,0,1.887069649,1
3,0,1.648658626,1
3,0,2.442347035,1
3,0,1.547562509,1
3,0,0.530628251,1
3,0,1.808288771,1
3,0,2.261763098,1
3,0,-0.223143551,1
3,0,2.041220329,1
3,0,1.808288771,1
3,0,2.079441542,1
3,0,-0.223143551,1
3,0,0.182321557,1
3,0,2.557227311,1
3,0,1.223775432,1
3,0,0.741937345,1
3,0,0.262364264,1
3,0,-0.510825624,1
3,0,0.336472237,1
3,0,0.955511445,1
3,0,2.028148247,1
3,0,1.098612289,1
3,0,0,1
3,0,2.2300144,1
3,0,1.774952351,1
3,0,1.131402111,1
3,0,1.722766598,1
3,0,-0.510825624,1
3,0,1.223775432,1
3,0,1.131402111,1
3,0,0.182321557,1
3,0,0.993251773,1
3,0,1.931521412,1
3,0,1.064710737,1
3,0,-0.105360516,1
3,0,-0.223143551,1
3,0,-0.105360516,1
3,0,-0.693147181,1
3,0,1.252762968,1
3,0,0.09531018,1
3,0,0.916290732,1
3,0,1.335001067,1
3,0,0.641853886,1
3,0,1.902107526,1
3,0,0.182321557,1
3,0,0.405465108,1
3,0,3.000719815,1
3,0,0.530628251,1
3,0,1.064710737,1
3,0,1.029619417,1
3,0,0,1
3,0,0.955511445,1
3,0,1.386294361,1
3,0,0,1
3,0,-0.223143551,1
3,0,0.405465108,1
3,0,0.693147181,1
3,0,-0.105360516,1
3,0,-0.510825624,1
3,0,0.993251773,1
3,0,0.993251773,1
3,0,0.182321557,1
3,0,0.470003629,1
3,1,0.741937345,1
3,0,2.451005098,1
3,0,-0.223143551,1
3,0,1.16315081,1
3,0,1.193922468,1
3,1,0.955511445,1
3,0,1.280933845,1
3,1,2.587764035,1
3,1,0.336472237,1
3,0,0.78845736,1
3,0,1.808288771,1
3,1,0.741937345,1
3,0,0.78845736,1
3,0,1.648658626,1
3,0,0.470003629,1
3,0,1.62924054,1
3,0,1.064710737,1
3,0,0.470003629,1
3,0,1.029619417,1
3,0,1.064710737,1
3,0,0.09531018,1
3,0,0.262364264,1
3,0,0.78845736,1
3,0,2.116255515,1
3,0,0,1
3,0,1.589235205,1
3,0,0.336472237,1
3,0,0.916290732,1
3,0,0,1
3,0,1.252762968,1
3,0,0.182321557,1
3,1,0,1
3,0,1.360976553,1
3,0,2.041220329,1
3,0,0.09531018,1
3,0,1.62924054,1
3,0,0.832909123,1
3,0,0.09531018,1
3,1,2.90690106,1
3,0,-1.203972804,1
3,0,-0.356674944,1
3,0,-2.302585093,1
3,0,0.741937345,1
3,0,0.693147181,1
3,0,1.458615023,1
3,0,0.641853886,1
3,0,0.09531018,1
3,0,0.262364264,1
3,0,0.262364264,1
3,0,-0.223143551,1
3,0,0.182321557,1
3,0,2.116255515,1
3,0,0.182321557,1
3,0,-0.510825624,1
3,0,2.595254707,1
3,0,-0.223143551,1
3,0,1.526056303,1
3,0,0.587786665,1
3,0,1.30833282,1
3,0,0.875468737,1
3,1,1.722766598,1
3,0,0,1
3,0,2.970414466,1
3,0,2.32238772,1
3,0,1.808288771,1
3,0,1.547562509,1
3,0,0.405465108,1
3,0,0.09531018,1
3,0,-0.105360516,1
3,0,0.875468737,1
3,1,-0.693147181,1
3,0,0.09531018,1
3,0,0.09531018,1
3,0,0.182321557,1
3,0,0.336472237,1
3,0,0.470003629,1
3,0,-0.356674944,1
3,1,-0.693147181,1
3,0,0.741937345,1
3,0,2.00148,1
3,0,0.336472237,1
3,0,2.208274414,1
3,0,2.104134154,1
3,0,0.875468737,1
3,0,0.470003629,1
3,0,1.526056303,1
3,0,0.993251773,1
3,0,1.064710737,1
3,0,1.029619417,1
3,0,-0.105360516,1
3,0,-0.356674944,1
3,0,1.098612289,1
3,0,2.014903021,1
3,1,0.955511445,1
3,0,0,1
3,0,0.875468737,1
3,0,1.064710737,1
3,0,2.251291799,1
3,0,4.520701029,1
3,0,1.131402111,1
3,0,0.09531018,1
3,0,-0.510825624,1
3,0,0.916290732,1
3,0,0.641853886,1
3,0,0.405465108,1
3,0,0.993251773,1
3,0,0.262364264,1
3,0,1.223775432,1
3,0,-0.356674944,1
3,0,0.530628251,1
3,0,-0.510825624,1
3,0,-0.356674944,1
3,0,0.262364264,1
3,0,0,1
3,0,0.641853886,1
3,0,1.704748092,1
3,0,0.955511445,1
3,0,1.547562509,1
3,0,1.704748092,1
3,0,0.262364264,1
3,0,-0.916290732,1
3,0,1.458615023,1
3,0,2.397895273,1
3,0,1.722766598,1
3,0,0.262364264,1
3,0,2.261763098,1
3,0,2.57261223,1
3,0,1.547562509,1
3,0,2.332143895,1
3,0,3.572345638,1
3,0,1.30833282,1
3,0,1.360976553,1
3,0,0.182321557,1
3,0,1.481604541,1
3,0,1.609437912,1
3,0,4.032469159,1
3,1,2.104134154,1
3,0,0.530628251,1
3,0,1.280933845,1
3,0,0.993251773,1
3,0,1.609437912,1
3,0,0.336472237,1
3,0,0,1
3,0,0.530628251,1
3,1,-0.223143551,1
3,0,-1.203972804,1
3,0,2.174751721,1
3,0,0.875468737,1
3,0,0.405465108,1
3,0,-0.223143551,1
3,0,1.029619417,1
3,0,1.16315081,1
3,0,0.832909123,1
3,0,-0.693147181,1
4,0,0.530628251,1
4,1,-0.510825624,1
4,0,1.193922468,1
4,0,2.197224577,1
4,0,0.09531018,1
4,1,0.336472237,1
4,0,2.451005098,1
4,0,0.916290732,1
4,0,2.667228207,1
4,0,1.85629799,1
4,0,1.667706821,1
4,0,1.808288771,1
4,0,3.206803244,1
4,0,0.336472237,1
5,0,0.78845736,1
5,1,3.449987546,1
5,0,0.955511445,1
5,0,2.261763098,1
5,0,1.064710737,1
5,0,1.526056303,1
5,0,0.693147181,1
5,0,1.386294361,1
5,0,2.57261223,1
5,0,0.993251773,1
5,0,1.30833282,1
5,0,1.704748092,1
5,0,1.945910149,1
5,0,-0.356674944,1
5,0,1.029619417,1
5,0,0.875468737,1
5,0,2.014903021,1
5,0,2.944438979,1
5,0,1.808288771,1
5,0,0.993251773,1
5,0,2.028148247,1
5,0,1.481604541,1
5,0,1.360976553,1
5,0,2.186051277,1
5,0,3.005682604,1
5,0,1.30833282,1
5,0,2.970414466,1
5,0,0.641853886,1
5,0,1.458615023,1
5,0,0.832909123,1
5,0,1.504077397,1
5,0,0.993251773,1
5,0,0.78845736,1
5,0,3.206803244,1
5,0,1.458615023,1
5,0,3.443618098,1
5,0,3.465735903,1
5,0,2.433613355,1
5,0,2.00148,1
5,0,2.104134154,1
5,0,0.875468737,1
5,0,2.041220329,1
5,1,1.029619417,1
5,0,0.993251773,1
5,0,1.824549292,1
5,0,0.78845736,1
5,0,0.262364264,1
5,0,0.78845736,1
5,0,0.832909123,1
5,0,0.916290732,1
5,0,3.370738174,1
5,0,0.262364264,1
5,0,0.641853886,1
5,1,1.435084525,1
5,0,1.029619417,1
5,0,0.916290732,1
5,0,2.667228207,1
5,0,0.641853886,1
5,0,2.844909384,1
5,0,1.589235205,1
5,0,0.916290732,1
5,0,1.916922612,1
5,0,2.014903021,1
5,0,0.78845736,1
5,0,0.916290732,1
5,0,3.077312261,1
5,0,0.530628251,1
5,0,0.336472237,1
5,1,-1.203972804,1
5,0,1.458615023,1
5,0,0.405465108,1
5,1,-0.105360516,1
5,0,3.126760536,1
5,0,2.104134154,1
5,0,1.840549633,1
5,0,2.091864062,1
5,0,3.380994674,1
5,0,2.128231706,1
5,1,1.30833282,1
5,0,3.526360525,1
5,0,0.741937345,1
5,0,0.955511445,1
5,0,4.001863709,1
5,0,1.16315081,1
5,0,1.30833282,1
5,0,2.292534757,1
5,0,3.414442608,1
5,0,1.808288771,1
5,0,1.30833282,1
5,0,1.16315081,1
5,0,0.182321557,1
5,0,0.262364264,1
5,0,0.693147181,1
5,0,1.568615918,1
5,0,0.693147181,1
5,0,-0.916290732,1
5,0,1.504077397,1
5,0,1.098612289,1
5,0,1.30833282,1
5,0,1.252762968,1
5,1,1.974081026,1
5,0,0.693147181,1
5,0,1.547562509,1
5,0,-1.609437912,1
5,0,0.693147181,1
5,0,1.609437912,1
5,0,1.648658626,1
5,0,1.280933845,1
5,0,0.832909123,1
5,0,2.174751721,1
5,0,1.131402111,1
5,0,0.405465108,1
5,0,1.974081026,1
5,0,0.336472237,1
5,1,-0.693147181,1
5,0,4.639571613,1
5,0,2.079441542,1
5,0,0.641853886,1
5,0,0.262364264,1
6,1,0.587786665,1
6,0,1.667706821,1
6,0,2.701361213,1
6,0,2.766319109,1
6,0,1.131402111,1
6,0,0.182321557,1
6,0,2.541601993,1
6,1,1.757857918,1
6,0,1.589235205,1
6,0,3.250374492,1
6,0,0.587786665,1
6,0,-0.105360516,1
6,0,1.757857918,1
6,0,2.985681938,1
7,0,0.182321557,1
7,0,2.839078464,1
7,0,1.589235205,1
7,0,1.808288771,1
7,0,0.587786665,1
7,0,0.262364264,1
7,0,0.832909123,1
7,0,0.182321557,1
7,0,2.282382386,1
7,0,0.916290732,1
7,0,3.538056564,1
7,0,2.2300144,1
7,0,-0.693147181,1
7,0,2.140066163,1
7,0,-0.510825624,1
7,0,2.970414466,1
7,1,1.029619417,1
7,1,0,1
7,0,0.530628251,1
7,0,1.568615918,1
7,1,0.955511445,1
7,0,1.960094784,1
7,0,3.0301337,1
7,0,2.740840024,1
7,0,2.379546134,1
7,0,0.262364264,1
7,0,2.292534757,1
7,0,3.471966453,1
7,0,4.222444565,1
7,0,2.610069793,1
7,0,2.00148,1
7,0,2.442347035,1
7,0,-2.302585093,1
7,0,2.251291799,1
7,0,3.165475048,1
7,0,0.916290732,1
7,0,1.435084525,1
7,0,1.547562509,1
7,0,1.722766598,1
7,0,2.624668592,1
8,0,0.470003629,2
8,0,0.530628251,2
8,0,0.405465108,2
8,0,0.916290732,2
8,0,1.481604541,2
8,0,0.09531018,2
8,0,0.832909123,2
8,0,0.916290732,2
8,0,0.262364264,2
8,0,0.182321557,2
8,0,0.405465108,2
8,1,-1.203972804,2
8,0,1.686398954,2
8,0,2.163323026,2
8,0,0.916290732,2
8,0,0.262364264,2
8,0,-0.356674944,2
8,0,-0.693147181,2
8,1,0,2
8,0,1.131402111,2
8,0,1.335001067,2
8,0,1.840549633,2
8,0,1.064710737,2
8,0,2.00148,2
8,0,3.261935314,2
8,0,2.397895273,2
8,0,1.916922612,2
8,0,0.875468737,2
8,0,0.262364264,2
8,0,-0.510825624,2
8,0,1.335001067,2
8,0,2.433613355,2
9,0,2.186051277,2
9,0,-0.510825624,2
9,0,2.054123734,2
9,0,0.182321557,2
9,1,-1.609437912,2
9,0,1.131402111,2
9,0,1.458615023,2
9,0,2.197224577,2
9,0,0,2
9,1,0.530628251,2
9,0,2.261763098,2
9,1,1.648658626,2
9,0,0.955511445,2
9,0,-1.203972804,2
9,0,1.62924054,2
9,0,3.407841924,2
9,0,1.808288771,2
9,0,1.410986974,2
9,1,2.809402695,2
9,0,0.470003629,2
9,0,3.912023005,2
9,0,1.360976553,2
9,0,2.610069793,2
9,1,2.809402695,2
9,0,-0.105360516,2
9,0,2.844909384,2
9,0,0.741937345,2
9,0,1.504077397,2
9,0,2.174751721,2
9,1,0.530628251,2
9,0,0.530628251,2
9,0,0.641853886,2
9,0,1.887069649,2
9,0,1.974081026,2
9,0,0,2
9,0,0.78845736,2
9,0,2.219203484,2
9,0,1.871802177,2
9,0,1.840549633,2
9,0,3.414442608,2
10,0,1.808288771,2
10,0,2.501435952,2
10,0,2.541601993,2
10,0,2.292534757,2
10,0,1.386294361,2
10,1,0.641853886,2
10,0,1.704748092,2
10,0,0.405465108,2
10,0,1.386294361,2
10,0,1.360976553,2
10,0,0.641853886,2
10,0,2.525728644,2
10,0,0.182321557,2
10,0,0.993251773,2
10,0,1.193922468,2
10,0,0.832909123,2
10,0,0.09531018,2
10,0,2.341805806,2
10,1,0,2
10,0,1.757857918,2
10,0,1.62924054,2
10,0,1.526056303,2
10,0,1.131402111,2
10,0,-0.510825624,2
10,0,2.091864062,2
10,0,0.993251773,2
10,1,-1.609437912,2
10,1,2.014903021,2
10,0,0.955511445,2
10,0,1.16315081,2
10,0,2.041220329,2
10,0,-0.693147181,2
10,1,-0.356674944,2
10,0,3.502549876,2
10,0,0.641853886,2
10,1,-0.223143551,2
10,1,1.064710737,2
10,1,0.741937345,2
10,1,0.916290732,2
10,1,0.78845736,2
10,1,1.704748092,2
10,0,1.30833282,2
10,0,0.470003629,2
10,0,0,2
10,0,1.098612289,2
10,0,0.262364264,2
11,0,0.262364264,2
11,1,0.336472237,2
11,0,0.693147181,2
11,0,3.058707073,2
11,0,1.30833282,2
11,0,0.470003629,2
11,0,3.46260601,2
11,0,1.504077397,2
11,0,3.424262655,2
11,0,3.280911216,2
11,0,1.740466175,2
11,0,0.875468737,2
11,1,3.08190997,2
11,1,1.648658626,2
11,0,2.653241965,2
11,0,3.342861805,2
11,0,3.353406718,2
11,0,-0.510825624,2
11,0,3.484312288,2
11,0,2.360854001,2
11,0,1.589235205,2
11,0,-0.693147181,2
11,0,1.410986974,2
11,0,1.757857918,2
11,0,1.386294361,2
11,0,1.029619417,2
11,0,1.945910149,2
11,0,0.587786665,2
11,0,0,2
11,0,-0.356674944,2
11,0,0.182321557,2
11,0,0.641853886,2
11,0,1.887069649,2
11,0,3.47506723,2
11,0,2.721295428,2
11,0,1.526056303,2
11,0,0.182321557,2
11,0,-2.302585093,2
11,0,2.251291799,2
11,0,0,2
11,0,0.470003629,2
11,0,1.62924054,2
11,0,2.219203484,2
11,0,1.568615918,2
11,1,-0.356674944,2
11,0,2.197224577,2
11,0,3.414442608,2
11,0,2.667228207,2
11,0,2.014903021,2
11,1,-0.510825624,2
11,0,1.386294361,2
11,0,4.001863709,2
11,1,-0.693147181,2
11,0,0.78845736,2
11,0,0.955511445,2
11,0,1.481604541,2
11,0,0.09531018,2
11,0,1.458615023,2
11,0,1.410986974,2
11,0,2.517696473,2
11,0,2.054123734,2
11,0,1.16315081,2
11,0,0.78845736,2
11,0,1.686398954,2
11,0,0.875468737,2
11,1,0.336472237,2
11,0,-0.223143551,2
11,0,2.2300144,2
11,0,0.530628251,2
11,0,1.335001067,2
11,0,1.987874348,2
11,0,3.421000009,2
11,0,3.218875825,2
11,0,1.974081026,2
11,1,-0.105360516,2
11,0,0.78845736,2
11,0,3.299533728,2
11,0,1.916922612,2
11,0,0.916290732,2
11,0,1.029619417,2
11,0,0.470003629,2
11,0,0.530628251,2
11,0,0.875468737,2
11,0,2.261763098,2
11,0,1.252762968,2
11,1,-0.693147181,2
11,0,0.693147181,2
11,0,0.470003629,2
11,0,1.064710737,2
11,0,0.693147181,2
11,0,2.660259537,2
11,0,2.895911938,2
11,0,1.029619417,2
11,0,0,2
11,0,0.916290732,2
11,0,4.310799125,2
11,0,1.410986974,2
12,0,1.193922468,2
12,0,1.987874348,2
12,0,-0.223143551,2
12,0,0.182321557,2
12,0,1.223775432,2
12,0,0.405465108,2
12,0,1.902107526,2
12,0,0.530628251,2
12,0,2.104134154,2
12,0,1.871802177,2
12,0,2.954910279,2
12,0,1.193922468,2
12,0,1.568615918,2
12,0,0.78845736,2
12,0,2.32238772,2
12,0,-0.510825624,2
12,0,0.641853886,2
12,0,0.741937345,2
12,0,0.405465108,2
12,1,0.262364264,2
12,0,0.405465108,2
12,0,0.641853886,2
12,0,2.839078464,2
12,0,0.78845736,2
12,0,0.693147181,2
12,0,-0.105360516,2
12,0,1.648658626,2
12,0,0.182321557,2
12,0,0.470003629,2
12,0,0.993251773,2
12,0,2.76000994,2
12,0,1.131402111,2
12,0,-0.356674944,2
12,0,0.916290732,2
12,0,-0.223143551,2
12,0,-0.510825624,2
12,0,0.693147181,2
12,0,-0.223143551,2
12,0,0,2
12,0,0.587786665,2
12,0,0.693147181,2
13,0,1.774952351,2
13,0,2.251291799,2
13,1,0.336472237,2
13,1,-0.223143551,2
14,0,1.547562509,2
14,0,2.803360381,2
14,0,1.931521412,2
14,0,1.648658626,2
14,0,2.890371758,2
14,0,1.410986974,2
14,0,1.223775432,2
14,0,2.960105096,2
14,0,3.749504076,2
14,0,1.193922468,2
14,0,0.09531018,2
14,0,1.098612289,2
14,0,0.262364264,2
14,0,-0.356674944,2
14,0,0.405465108,2
14,0,2.646174797,2
14,0,0.641853886,2
15,0,2.272125886,3
15,1,2.104134154,3
15,0,2.028148247,3
15,0,4.49088104,3
15,0,2.533696814,3
15,0,1.740466175,3
15,0,0.916290732,3
15,0,1.887069649,3
15,0,2.653241965,3
15,0,2.895911938,3
15,0,2.272125886,3
15,0,1.386294361,3
15,0,2.766319109,3
15,0,2.895911938,3
15,0,1.481604541,3
15,0,2.104134154,3
15,0,1.722766598,3
15,0,0.955511445,3
15,0,2.208274414,3
15,0,1.098612289,3
15,0,3.919991175,3
15,0,1.458615023,3
16,0,0.182321557,3
16,0,4.163559631,3
16,1,1.280933845,3
16,0,3.788724789,3
16,0,2.282382386,3
16,0,1.029619417,3
16,0,1.131402111,3
16,0,1.481604541,3
16,0,1.223775432,3
16,0,3.777348102,3
16,0,3.561046083,3
16,0,1.064710737,3
16,0,1.064710737,3
16,0,0.405465108,3
16,0,1.280933845,3
16,0,1.280933845,3
16,0,0.78845736,3
16,0,1.029619417,3
16,0,1.547562509,3
16,0,2.054123734,3
16,0,-1.203972804,3
16,0,-0.356674944,3
16,1,1.335001067,3
16,1,-2.302585093,3
16,0,0.405465108,3
16,0,-0.105360516,3
16,0,-0.105360516,3
16,0,2.251291799,3
16,1,-0.356674944,3
16,0,2.766319109,3
16,1,0.832909123,3
16,0,3.100092289,3
16,0,1.686398954,3
17,1,0.09531018,3
17,0,0.741937345,3
17,0,-0.356674944,3
17,0,-0.223143551,3
17,0,1.526056303,3
17,0,1.916922612,3
17,0,0.741937345,3
17,0,1.808288771,3
17,0,2.879198457,3
17,0,1.064710737,3
17,1,-0.510825624,3
17,0,1.410986974,3
17,0,1.064710737,3
18,1,0.405465108,3
18,0,0.262364264,3
18,0,-0.223143551,3
18,0,2.468099531,3
18,0,1.335001067,3
18,0,3.80666249,3
18,0,1.386294361,3
18,0,2.116255515,3
18,0,1.808288771,3
18,0,1.131402111,3
18,0,1.547562509,3
18,0,-0.223143551,3
18,0,0.587786665,3
18,0,0,3
18,0,0.336472237,3
18,0,2.360854001,3
18,0,1.029619417,3
18,0,-0.105360516,3
18,1,0.09531018,3
18,1,1.335001067,3
18,0,0.693147181,3
18,0,1.131402111,3
18,0,2.525728644,3
18,0,1.960094784,3
18,0,1.252762968,3
18,0,-0.356674944,3
18,0,0.470003629,3
19,0,1.064710737,3
19,0,2.014903021,3
19,0,-0.916290732,3
19,0,-1.203972804,3
19,0,-1.203972804,3
19,0,3.891820298,3
19,0,1.686398954,3
20,1,1.029619417,3
20,0,3.433987204,3
20,0,2.734367509,3
20,0,0.741937345,3
20,0,2.32238772,3
20,0,2.312535424,3
20,0,1.887069649,3
20,0,0.09531018,3
20,0,1.386294361,3
20,0,4.520701029,3
21,1,-0.510825624,3
21,1,0.09531018,3
21,0,1.774952351,3
21,0,-0.105360516,3
21,0,1.098612289,3
21,1,-0.223143551,3
21,0,0.336472237,3
21,0,0.78845736,3
21,1,0.78845736,3
21,0,1.280933845,3
21,1,-0.223143551,3
21,0,1.16315081,3
21,0,-0.105360516,3
21,1,0.262364264,3
21,1,2.424802726,3
21,1,0.470003629,3
21,0,-0.916290732,3
21,0,0.405465108,3
21,0,0.741937345,3
21,0,1.871802177,3
21,0,2.054123734,3
22,1,0.693147181,4
22,0,1.481604541,4
22,0,1.568615918,4
22,0,2.197224577,4
22,0,2.815408719,4
22,1,1.791759469,4
22,0,1.386294361,4
22,0,2.415913778,4
22,0,1.667706821,4
22,0,3.374168709,4
22,0,2.128231706,4
22,1,0.262364264,4
22,0,1.902107526,4
22,0,2.415913778,4
22,0,1.974081026,4
22,0,2.533696814,4
22,0,0.641853886,4
22,0,0.993251773,4
22,0,1.223775432,4
22,0,4.195697056,4
22,1,1.960094784,4
22,0,1.335001067,4
22,0,4.248495242,4
22,0,5.051777237,4
22,0,2.701361213,4
22,0,2.617395833,4
22,0,3.895893623,4
22,0,3.010620886,4
22,0,4.273884476,4
22,0,3.822098298,4
22,0,3.186352633,4
22,0,3.034952987,4
22,0,2.397895273,4
22,0,1.131402111,4
22,0,1.85629799,4
22,0,3.210843653,4
22,0,1.30833282,4
22,0,2.595254707,4
22,0,1.410986974,4
22,1,0.530628251,4
22,0,3.777348102,4
22,0,1.526056303,4
22,0,2.624668592,4
23,1,1.704748092,4
23,0,0.09531018,4
23,0,1.648658626,4
23,0,2.714694744,4
23,0,0.530628251,4
23,1,-0.916290732,4
23,0,2.57261223,4
23,0,2.949688335,4
23,0,0.832909123,4
23,0,3.718438256,4
23,0,5.611301622,4
23,0,0.09531018,4
23,0,2.240709689,4
23,0,1.410986974,4
23,0,0.741937345,4
23,0,1.740466175,4
23,0,2.844909384,4
23,0,2.90690106,4
23,0,1.029619417,4
23,0,0.262364264,4
23,0,1.223775432,4
23,0,2.459588842,4
23,0,0.09531018,4
23,0,2.525728644,4
23,0,0.262364264,4
23,0,3.411147713,4
23,0,3.310543013,4
23,0,2.674148649,4
23,0,1.193922468,4
23,0,-0.510825624,4
23,0,2.602689685,4
23,0,3.33220451,4
23,0,5.12455904,4
23,0,4.302712828,4
23,1,3.025291076,4
23,1,3.36729583,4
23,0,0.262364264,4
23,0,2.954910279,4
23,1,0.693147181,4
23,0,-0.105360516,4
23,0,2.58021683,4
23,1,0.09531018,4
23,0,4.587006215,4
23,1,1.791759469,4
23,0,1.360976553,4
23,0,2.844909384,4
23,0,4.183575696,4
23,0,2.251291799,4
24,0,1.504077397,4
24,0,1.098612289,4
24,0,3.27336401,4
24,0,0.336472237,4
24,0,0.955511445,4
24,0,-2.302585093,4
24,0,0.470003629,4
24,0,0.916290732,4
24,0,-2.302585093,4
24,0,-0.510825624,4
24,0,-0.916290732,4
24,0,0.955511445,4
24,0,-0.693147181,4
24,0,-2.302585093,4
24,0,0.916290732,4
24,0,1.280933845,4
24,1,-0.510825624,4
24,0,1.064710737,4
24,0,0.741937345,4
24,1,-0.105360516,4
24,1,0.262364264,4
24,0,2.468099531,4
24,0,2.219203484,4
24,0,-0.693147181,4
24,1,0,4
24,0,-1.203972804,4
24,0,-0.105360516,4
24,0,-0.105360516,4
24,0,0.955511445,4
24,0,0.875468737,4
24,0,-0.916290732,4
24,0,1.481604541,4
24,1,-0.356674944,4
24,0,0.587786665,4
24,1,0.09531018,4
24,0,0,4
24,0,1.193922468,4
24,1,0,4
25,0,0.336472237,4
25,0,5.564137192,4
25,0,0.336472237,4
25,0,0.470003629,4
25,1,-1.609437912,4
25,1,2.312535424,4
25,0,1.252762968,4
25,0,0.741937345,4
25,0,3.198673118,4
25,0,-0.223143551,4
25,0,1.131402111,4
25,0,1.029619417,4
25,0,-0.223143551,4
25,0,-0.356674944,4
25,0,-0.916290732,4
25,0,1.029619417,4
25,0,1.360976553,4
26,0,0,4
26,0,-0.693147181,4
26,0,3.826465117,4
26,0,1.458615023,4
26,1,-0.223143551,4
26,1,-1.609437912,4
26,0,2.772588722,4
26,0,2.174751721,4
26,0,0.916290732,4
26,0,0.336472237,4
26,0,0.405465108,4
26,0,0.693147181,4
26,0,0.470003629,4
26,1,1.667706821,4
26,0,1.960094784,4
26,0,2.104134154,4
26,0,3.202746443,4
26,1,-2.302585093,4
26,0,2.541601993,4
26,0,0.262364264,4
26,1,-1.609437912,4
26,0,2.468099531,4
26,0,0,4
26,1,-2.302585093,4
26,0,0,4
26,0,0.530628251,4
26,1,-2.302585093,4
26,0,1.648658626,4
26,0,3.18221184,4
26,1,3.45946629,4
26,0,0.875468737,4
26,0,-0.223143551,4
26,0,1.808288771,4
26,0,2.054123734,4
26,0,1.667706821,4
26,0,-0.693147181,4
26,0,-0.223143551,4
26,0,0.182321557,4
26,0,1.360976553,4
26,0,-0.105360516,4
26,0,0.336472237,4
26,0,1.280933845,4
26,0,1.774952351,4
26,1,-1.609437912,4
26,0,-0.105360516,4
26,0,0.530628251,4
26,0,0.262364264,4
26,0,1.960094784,4
26,0,0.262364264,4
26,0,2.128231706,4
26,0,0.741937345,4
26,0,0.262364264,4
26,0,-0.916290732,4
26,0,2.57261223,4
26,0,-0.223143551,4
26,0,-0.510825624,4
26,0,-0.356674944,4
26,0,2.76000994,4
26,0,0.262364264,4
26,1,0.641853886,4
26,0,0.641853886,4
26,0,-0.916290732,4
26,0,-0.510825624,4
26,0,-0.916290732,4
26,0,-0.105360516,4
26,0,-0.105360516,4
26,0,-0.223143551,4
26,0,0.405465108,4
26,0,1.386294361,4
26,0,-0.510825624,4
27,1,-0.510825624,4
27,1,-0.916290732,4
27,0,2.541601993,4
27,0,1.386294361,4
27,0,-0.356674944,4
27,0,0.182321557,4
27,0,0.530628251,4
27,0,0.641853886,4
27,0,3.010620886,4
27,0,1.589235205,4
27,1,-0.105360516,4
27,1,-0.693147181,4
27,0,0.78845736,4
27,0,1.193922468,4
27,0,3.091042453,4
27,1,-0.105360516,4
27,0,1.064710737,4
27,0,-0.356674944,4
27,0,2.272125886,4
27,0,0.641853886,4
27,1,2.00148,4
27,0,1.252762968,4
27,0,0.262364264,4
27,0,0.530628251,4
27,0,0.470003629,4
27,0,2.90690106,4
27,0,0.470003629,4
27,0,0.530628251,4
28,1,-0.223143551,4
28,0,0.405465108,4
28,0,1.098612289,4
29,0,3.18221184,5
29,0,1.252762968,5
29,0,3.817712326,5
29,0,2.370243741,5
29,0,0.530628251,5
29,0,3.33220451,5
29,0,2.197224577,5
29,0,2.557227311,5
29,0,2.862200881,5
29,0,2.965273066,5
29,1,0.336472237,5
29,0,0.875468737,5
29,0,1.335001067,5
29,0,2.388762789,5
29,0,2.884800713,5
29,0,2.501435952,5
29,1,-0.223143551,5
29,1,1.648658626,5
29,0,2.985681938,5
29,0,0.832909123,5
30,0,1.435084525,5
30,0,2.76000994,5
30,0,4.168214411,5
31,0,0.470003629,5
31,0,0.832909123,5
31,0,-2.302585093,5
31,0,1.193922468,5
31,0,1.648658626,5
31,0,1.757857918,5
31,1,-0.223143551,5
32,0,-0.105360516,5
32,0,1.740466175,5
32,0,0.641853886,5
32,1,1.85629799,5
32,0,0.916290732,5
32,0,1.098612289,5
32,0,2.282382386,5
33,0,1.840549633,5
33,1,2.753660712,5
33,0,0.09531018,5
33,0,0.09531018,5
33,0,0.693147181,5
33,0,0.182321557,5
33,0,1.458615023,5
33,0,0.641853886,5
33,0,0.182321557,5
33,0,1.223775432,5
33,0,0,5
33,0,2.00148,5
33,0,3.258096538,5
33,0,0.262364264,5
33,0,0.182321557,5
33,0,2.610069793,5
33,0,0.262364264,5
34,0,1.064710737,5
34,1,2.341805806,5
34,0,2.079441542,5
34,0,1.360976553,5
34,0,1.686398954,5
34,0,2.990719732,5
34,0,-0.223143551,5
34,0,0.916290732,5
34,1,-0.510825624,5
34,0,1.871802177,5
34,0,2.251291799,5
34,0,2.332143895,5
34,0,0.832909123,5
34,0,2.379546134,5
35,1,0.916290732,5
35,0,0.470003629,5
35,0,0.530628251,5
35,1,-0.223143551,5
35,0,2.272125886,5
36,0,0.741937345,6
36,0,1.131402111,6
36,0,0,6
36,0,0.09531018,6
36,0,0.470003629,6
36,0,2.054123734,6
36,0,-0.105360516,6
36,0,0.405465108,6
36,0,1.945910149,6
36,0,1.386294361,6
36,1,0.182321557,6
36,1,-0.105360516,6
36,0,0.262364264,6
36,0,-0.223143551,6
36,0,0.405465108,6
36,0,2.140066163,6
36,0,0,6
36,1,-2.302585093,6
36,0,-0.356674944,6
36,0,0.741937345,6
36,0,0.182321557,6
36,0,1.458615023,6
36,0,-0.105360516,6
36,1,1.648658626,6
36,0,1.193922468,6
36,0,-1.203972804,6
36,0,1.547562509,6
36,0,1.902107526,6
36,0,0.336472237,6
36,0,1.335001067,6
36,0,-0.510825624,6
36,0,0.78845736,6
36,0,0.262364264,6
36,1,-0.693147181,6
36,0,0.955511445,6
36,0,1.824549292,6
36,0,1.098612289,6
36,0,0.955511445,6
36,0,1.547562509,6
36,0,0.182321557,6
36,0,1.131402111,6
36,1,0,6
36,0,0.182321557,6
36,0,0.09531018,6
36,0,0.182321557,6
36,0,1.360976553,6
36,0,0,6
36,0,1.722766598,6
36,0,2.140066163,6
36,0,-0.356674944,6
36,0,-0.510825624,6
36,0,1.335001067,6
36,0,0.641853886,6
36,0,-0.510825624,6
36,0,1.360976553,6
36,0,0.693147181,6
36,0,0.336472237,6
36,0,-0.105360516,6
36,0,-0.356674944,6
36,0,1.410986974,6
36,0,1.064710737,6
36,0,0.641853886,6
36,0,0.336472237,6
36,0,0.262364264,6
36,0,2.4765384,6
36,0,-0.223143551,6
36,0,1.435084525,6
36,0,0.641853886,6
36,0,0.832909123,6
36,0,1.064710737,6
36,1,-0.356674944,6
36,0,0.587786665,6
36,1,0.336472237,6
36,0,0.09531018,6
36,0,1.131402111,6
36,0,2.00148,6
36,0,1.360976553,6
36,0,-0.223143551,6
36,0,0,6
37,0,0.916290732,6
37,0,2.517696473,6
37,0,1.609437912,6
37,0,2.57261223,6
37,1,2.066862759,6
37,0,1.85629799,6
37,1,1.808288771,6
37,0,3.310543013,6
37,0,1.16315081,6
37,1,1.568615918,6
37,0,2.251291799,6
37,0,2.985681938,6
37,0,2.912350665,6
37,0,0.405465108,6
37,1,1.945910149,6
37,0,3.131136911,6
37,0,2.079441542,6
37,0,2.797281335,6
37,0,3.317815773,6
37,0,4.660604893,6
37,0,2.772588722,6
37,0,2.797281335,6
37,0,2.251291799,6
37,0,3.095577609,6
37,1,1.568615918,6
37,0,1.757857918,6
37,0,3.411147713,6
37,0,3.591817741,6
37,0,2.351375257,6
37,0,2.219203484,6
37,0,1.458615023,6
37,0,2.76000994,6
37,1,2.587764035,6
37,0,0.993251773,6
37,0,2.116255515,6
37,0,1.931521412,6
37,0,2.564949357,6
37,0,2.990719732,6
37,0,2.174751721,6
37,0,3.555348061,6
37,0,1.648658626,6
37,0,2.240709689,6
37,0,2.282382386,6
37,0,0.641853886,6
37,1,1.871802177,6
37,0,2.541601993,6
37,1,1.774952351,6
37,0,3.889777396,6
37,0,2.151762203,6
37,0,2.406945108,6
37,0,2.442347035,6
37,0,4.198704578,6
37,0,2.694627181,6
37,0,2.406945108,6
37,0,3.532225644,6
37,0,1.808288771,6
37,0,1.547562509,6
37,0,1.740466175,6
37,0,1.568615918,6
37,0,0.405465108,6
37,0,2.028148247,6
37,0,1.704748092,6
37,0,1.098612289,6
37,0,2.2300144,6
37,0,2.76000994,6
37,0,2.2300144,6
37,0,0.693147181,6
37,0,2.687847494,6
37,0,1.098612289,6
38,0,1.193922468,6
38,0,0.09531018,6
38,0,0.693147181,6
38,0,-0.356674944,6
38,0,0.405465108,6
38,0,-2.302585093,6
38,0,1.098612289,6
38,0,1.648658626,6
38,0,0.182321557,6
38,0,1.16315081,6
38,0,1.526056303,6
38,0,0.262364264,6
38,0,0.530628251,6
38,0,1.223775432,6
38,0,0.262364264,6
38,0,0.182321557,6
38,1,1.609437912,6
38,0,0,6
38,0,0.262364264,6
38,0,0.741937345,6
38,0,2.197224577,6
38,0,0.405465108,6
38,0,1.667706821,6
38,0,0.182321557,6
38,0,1.16315081,6
38,0,0,6
38,0,0.693147181,6
38,0,-0.105360516,6
38,0,1.223775432,6
38,0,1.504077397,6
38,0,0.336472237,6
38,0,0.916290732,6
38,0,1.589235205,6
38,0,1.335001067,6
38,0,1.871802177,6
38,0,0.832909123,6
38,0,0.336472237,6
38,0,0.832909123,6
38,0,2.890371758,6
38,0,0.405465108,6
38,0,0.955511445,6
38,0,0,6
38,0,0.693147181,6
38,0,2.292534757,6
38,0,0.405465108,6
38,0,2.104134154,6
38,0,1.589235205,6
38,0,1.686398954,6
38,0,0.916290732,6
38,0,2.370243741,6
38,0,2.595254707,6
38,1,-0.916290732,6
38,0,0.993251773,6
38,0,1.335001067,6
38,0,2.282382386,6
39,0,2.595254707,6
39,0,3.234749174,6
39,0,1.029619417,6
39,0,5.281679725,6
39,0,3.020424886,6
39,0,2.48490665,6
39,0,2.442347035,6
39,0,3.552486829,6
39,0,2.302585093,6
39,0,2.32238772,6
39,0,1.791759469,6
39,0,2.442347035,6
39,0,2.140066163,6
39,0,2.509599262,6
39,0,3.873282177,6
39,1,1.360976553,6
39,0,2.778819272,6
39,0,2.602689685,6
39,0,2.151762203,6
39,0,2.186051277,6
39,0,1.131402111,6
40,0,1.648658626,6
40,0,2.397895273,6
40,0,3.339321978,6
40,0,2.912350665,6
40,0,1.740466175,6
40,0,1.609437912,6
40,0,1.131402111,6
40,0,3.589059119,6
40,0,3.843744165,6
40,0,1.757857918,6
40,0,2.2300144,6
40,0,1.757857918,6
40,1,1.547562509,6
40,0,2.564949357,6
40,1,0.182321557,6
40,0,3.660994251,6
40,1,2.261763098,6
40,1,-0.693147181,6
40,0,2.140066163,6
40,0,4.356708827,6
40,1,1.974081026,6
40,0,1.62924054,6
40,0,3.161246712,6
41,0,1.871802177,6
41,0,-1.203972804,6
41,0,2.557227311,6
41,0,-0.510825624,6
41,0,0.832909123,6
41,0,0.182321557,6
41,0,0.262364264,6
41,0,0.182321557,6
41,0,0.09531018,6
41,0,1.435084525,6
41,0,0.875468737,6
41,0,1.824549292,6
41,0,-0.105360516,6
41,0,-0.105360516,6
41,0,1.840549633,6
41,0,0.530628251,6
41,0,1.098612289,6
41,0,0.693147181,6
41,0,0.993251773,6
41,0,2.116255515,6
41,0,3.100092289,6
41,0,0.832909123,6
41,0,0.993251773,6
41,1,0.693147181,6
41,0,1.335001067,6
41,0,0.916290732,6
41,0,2.533696814,6
41,1,0.470003629,6
41,0,1.435084525,6
41,1,1.589235205,6
41,0,2.397895273,6
41,0,-0.693147181,6
41,0,0.875468737,6
41,0,1.064710737,6
41,0,0.693147181,6
41,0,1.252762968,6
41,0,0.693147181,6
41,0,1.131402111,6
41,0,0.262364264,6
41,0,0.530628251,6
41,0,0.336472237,6
41,0,0.182321557,6
41,0,0.09531018,6
41,0,1.252762968,6
41,0,0.262364264,6
41,1,0.875468737,6
41,0,2.867898902,6
41,0,0.693147181,6
41,0,-0.510825624,6
41,0,2.151762203,6
41,0,1.960094784,6
41,1,0.916290732,6
41,0,1.589235205,6
41,0,0.875468737,6
41,0,1.609437912,6
41,0,-0.105360516,6
41,0,2.564949357,6
41,0,1.386294361,6
41,0,0.78845736,6
41,0,0.641853886,6
41,0,0.530628251,6
41,0,-0.105360516,6
41,0,0.470003629,6
41,0,0.955511445,6
41,0,0.405465108,6
41,0,0.405465108,6
41,0,0.832909123,6
41,0,0.993251773,6
41,0,0.955511445,6
41,0,1.029619417,6
41,0,2.721295428,6
41,0,0.262364264,6
41,0,0.641853886,6
41,0,2.054123734,6
41,0,1.252762968,6
41,0,0.262364264,6
41,0,0.875468737,6
41,0,-0.510825624,6
41,0,-0.356674944,6
41,0,0.587786665,6
41,0,0.405465108,6
41,0,0.955511445,6
41,0,0.09531018,6
41,1,1.740466175,6
41,0,0.530628251,6
41,0,1.871802177,6
41,0,0.09531018,6
41,0,2.261763098,6
41,0,0.955511445,6
41,0,0.530628251,6
41,0,1.686398954,6
41,0,0.955511445,6
41,0,0.587786665,6
41,0,1.458615023,6
41,0,0.262364264,6
41,0,1.547562509,6
41,0,0.741937345,6
41,0,-0.105360516,6
41,0,0,6
41,0,0.587786665,6
41,0,0.587786665,6
41,0,-0.105360516,6
41,0,-0.105360516,6
41,1,-0.693147181,6
41,0,0.530628251,6
41,0,0.955511445,6
41,0,1.960094784,6
41,0,0.875468737,6
41,0,0.182321557,6
41,0,2.251291799,6
41,0,2.116255515,6
41,0,0.530628251,6
41,0,0.78845736,6
41,0,1.098612289,6
41,0,0.741937345,6
41,0,-0.693147181,6
41,0,2.028148247,6
41,0,1.410986974,6
42,0,-0.916290732,6
42,0,1.960094784,6
42,0,-0.223143551,6
42,0,1.098612289,6
42,1,0.955511445,6
42,0,0.336472237,6
42,0,1.740466175,6
42,0,1.458615023,6
42,0,0.09531018,6
42,0,0.832909123,6
42,0,2.415913778,6
42,0,1.360976553,6
42,0,4.188138442,6
42,0,0.470003629,6
42,0,2.240709689,6
42,0,1.435084525,6
42,0,1.16315081,6
42,0,0.587786665,6
42,0,0.336472237,6
42,0,2.753660712,6
42,0,1.223775432,6
42,0,4.348986781,6
42,1,0.587786665,6
42,0,0.182321557,6
42,0,3.985273467,6
42,0,2.028148247,6
42,0,0.916290732,6
42,0,1.791759469,6
43,0,1.526056303,7
43,0,0.641853886,7
43,0,0.530628251,7
43,0,0.875468737,7
43,0,-2.302585093,7
43,1,-0.916290732,7
43,1,-1.203972804,7
43,0,-0.693147181,7
43,0,-0.105360516,7
43,0,0.262364264,7
43,0,1.704748092,7
43,0,2.944438979,7
43,0,1.410986974,7
43,0,0.993251773,7
43,0,0.832909123,7
44,0,-1.203972804,7
44,0,-0.105360516,7
44,0,0.78845736,7
44,0,1.481604541,7
44,0,0.262364264,7
44,0,-0.105360516,7
44,0,-0.105360516,7
44,0,0.955511445,7
44,0,1.360976553,7
44,0,1.85629799,7
44,0,1.252762968,7
44,0,1.16315081,7
44,0,4.536891345,7
44,0,2.533696814,7
44,0,0.741937345,7
44,0,0.641853886,7
44,0,0.182321557,7
44,0,0.262364264,7
44,0,0.641853886,7
44,0,0.530628251,7
44,1,-0.510825624,7
44,0,-0.510825624,7
44,0,0,7
44,0,1.335001067,7
44,0,0.955511445,7
44,0,1.16315081,7
44,0,1.30833282,7
44,0,0.262364264,7
44,0,1.686398954,7
44,0,0.741937345,7
44,0,0.587786665,7
44,0,0.336472237,7
44,0,0.182321557,7
44,1,-0.223143551,7
44,0,0.955511445,7
44,0,0.530628251,7
44,0,0.336472237,7
44,0,0.78845736,7
44,1,-0.105360516,7
44,1,1.064710737,7
44,0,-0.105360516,7
44,1,-0.223143551,7
44,0,2.493205453,7
44,0,2.272125886,7
44,0,1.131402111,7
44,0,0.530628251,7
44,1,1.30833282,7
45,0,2.091864062,7
45,0,0.470003629,7
45,0,-0.356674944,7
45,0,1.686398954,7
45,0,1.193922468,7
45,0,0.641853886,7
45,0,-0.223143551,7
45,0,0.530628251,7
45,0,0.641853886,7
45,0,3.618993327,7
46,0,2.517696473,7
46,1,0.336472237,7
46,0,2.63188884,7
46,0,1.458615023,7
46,0,2.140066163,7
46,0,1.223775432,7
46,0,3.377587516,7
46,0,3.104586678,7
46,1,1.131402111,7
46,1,1.568615918,7
46,1,-0.510825624,7
46,0,2.360854001,7
46,0,0.470003629,7
46,0,0.955511445,7
46,0,2.00148,7
46,1,-0.693147181,7
46,0,2.827313622,7
46,0,4.151039906,7
46,1,-0.356674944,7
46,0,-0.356674944,7
46,0,1.504077397,7
46,0,1.609437912,7
46,0,1.064710737,7
46,1,-0.916290732,7
46,1,0.470003629,7
46,0,1.722766598,7
46,1,2.091864062,7
46,0,0.182321557,7
46,0,1.098612289,7
46,0,3.054001182,7
46,0,0.405465108,7
46,0,1.064710737,7
46,0,1.808288771,7
46,0,2.557227311,7
46,0,-0.693147181,7
46,0,2.58021683,7
46,0,2.041220329,7
46,0,2.312535424,7
46,1,1.16315081,7
46,0,2.054123734,7
46,0,2.282382386,7
46,1,1.131402111,7
46,0,0.916290732,7
46,0,2.58021683,7
46,1,2.687847494,7
46,0,1.481604541,7
46,0,3.46885603,7
46,0,-0.223143551,7
46,0,1.029619417,7
46,0,0.875468737,7
46,0,0.875468737,7
46,1,1.252762968,7
46,1,-0.105360516,7
47,1,0.955511445,7
47,0,2.186051277,7
47,0,0.693147181,7
47,0,0,7
47,0,1.547562509,7
47,0,0.470003629,7
47,0,1.945910149,7
47,0,2.219203484,7
47,0,1.62924054,7
47,0,1.30833282,7
47,0,1.609437912,7
47,0,0.916290732,7
47,0,-0.223143551,7
47,0,0.875468737,7
47,0,0.875468737,7
47,0,2.174751721,7
47,1,0.955511445,7
47,0,1.360976553,7
47,0,-0.356674944,7
47,0,1.335001067,7
47,0,2.116255515,7
47,0,1.193922468,7
47,0,1.386294361,7
47,0,0.262364264,7
47,0,1.16315081,7
47,0,0.78845736,7
47,0,1.757857918,7
47,1,0.78845736,7
47,0,0.405465108,7
47,0,1.62924054,7
47,0,-0.223143551,7
47,1,-0.105360516,7
47,0,0.875468737,7
47,0,0.09531018,7
47,0,0.09531018,7
47,0,-2.302585093,7
47,0,1.609437912,7
47,1,0.336472237,7
47,0,1.335001067,7
47,0,1.098612289,7
47,0,0.832909123,7
47,0,-0.223143551,7
47,0,0.09531018,7
47,0,0.09531018,7
47,0,0.262364264,7
47,0,0.955511445,7
47,1,1.871802177,7
47,0,1.131402111,7
47,0,0.09531018,7
47,0,1.481604541,7
47,0,1.945910149,7
47,0,1.481604541,7
47,1,-0.916290732,7
47,0,-0.356674944,7
47,1,-0.510825624,7
47,0,2.57261223,7
48,0,1.589235205,7
48,0,1.504077397,7
48,0,0.832909123,7
48,0,1.704748092,7
48,0,1.064710737,7
48,0,4.298645026,7
49,0,0.262364264,7
49,0,3.711130063,7
49,0,2.63188884,7
49,0,1.568615918,7
49,0,2.028148247,7
49,0,2.028148247,7
49,0,1.791759469,7
49,0,1.704748092,7
49,0,3.044522438,7
49,0,3.740047741,7
49,0,2.312535424,7
49,0,2.208274414,7
49,0,1.791759469,7
49,0,2.63188884,7
49,0,1.481604541,7
49,0,1.902107526,7
49,0,2.360854001,7
49,0,2.00148,7
49,0,1.840549633,7
49,0,2.809402695,7
49,0,1.526056303,7
49,0,0.875468737,7
49,0,3.94931879,7
49,0,1.740466175,7
49,0,-0.693147181,7
49,0,2.856470206,7
50,0,0.641853886,8
50,0,0.470003629,8
50,0,0.336472237,8
50,0,4.378269586,8
50,0,1.931521412,8
50,0,1.757857918,8
50,0,1.029619417,8
50,0,2.091864062,8
50,0,2.778819272,8
50,0,2.867898902,8
50,0,1.568615918,8
50,0,1.131402111,8
50,0,2.388762789,8
50,0,0.741937345,8
50,0,0.530628251,8
51,0,3.725693427,8
51,0,2.797281335,8
51,0,0.832909123,8
51,0,-2.302585093,8
51,0,-0.356674944,8
51,0,1.280933845,8
52,0,-0.105360516,8
52,0,0.993251773,8
52,0,0.875468737,8
52,0,1.064710737,8
52,0,0.641853886,8
52,0,1.029619417,8
52,0,-0.356674944,8
52,0,-1.203972804,8
52,0,-0.356674944,8
52,0,0.993251773,8
52,0,0.693147181,8
52,0,0.78845736,8
52,0,2.76000994,8
52,0,-0.693147181,8
52,0,-0.356674944,8
52,0,-0.510825624,8
52,0,0.405465108,8
52,0,1.029619417,8
52,0,0.832909123,8
52,0,0.741937345,8
52,0,0.09531018,8
52,0,-0.916290732,8
52,0,1.526056303,8
52,0,1.30833282,8
52,0,1.16315081,8
52,0,0.741937345,8
52,0,0.875468737,8
52,0,0.641853886,8
52,0,0.405465108,8
52,0,-0.693147181,8
52,0,0.955511445,8
52,0,-1.203972804,8
52,0,0.587786665,8
52,0,-0.223143551,8
52,0,0.530628251,8
52,0,-0.510825624,8
52,0,0.530628251,8
52,0,0.693147181,8
52,0,-0.356674944,8
52,0,0.470003629,8
52,0,-1.203972804,8
52,0,1.704748092,8
52,0,-0.510825624,8
52,0,2.564949357,8
52,0,-0.916290732,8
52,0,1.335001067,8
52,0,1.458615023,8
52,0,3.629660094,8
52,0,1.686398954,8
52,1,0.09531018,8
52,0,0.405465108,8
52,0,1.131402111,8
52,1,1.757857918,8
52,0,0.470003629,8
52,0,-0.693147181,8
52,0,-0.510825624,8
52,0,1.029619417,8
52,0,0.832909123,8
52,0,1.223775432,8
52,0,0.09531018,8
52,0,-0.105360516,8
52,0,1.504077397,8
52,1,-1.609437912,8
52,0,0.262364264,8
52,0,-0.693147181,8
52,1,-0.916290732,8
52,0,0.587786665,8
52,0,0.09531018,8
52,0,0,8
52,0,0.587786665,8
52,0,0.182321557,8
52,0,-0.693147181,8
52,0,-0.223143551,8
52,0,0.530628251,8
52,0,-1.609437912,8
52,0,0.182321557,8
52,0,0.405465108,8
52,0,-0.693147181,8
52,0,1.360976553,8
52,0,-0.916290732,8
52,0,-1.203972804,8
52,0,-0.693147181,8
52,0,0.693147181,8
52,0,0.262364264,8
52,0,-1.609437912,8
52,0,-0.356674944,8
52,0,-0.356674944,8
52,0,1.85629799,8
52,0,0.262364264,8
52,0,0.78845736,8
52,0,0.993251773,8
52,0,1.16315081,8
52,0,0.470003629,8
52,0,1.85629799,8
52,0,0.641853886,8
52,0,1.704748092,8
52,0,0.09531018,8
52,0,-0.105360516,8
52,0,0.693147181,8
52,0,1.16315081,8
52,0,0,8
52,0,0.09531018,8
52,0,0.09531018,8
52,0,0.741937345,8
52,0,0.182321557,8
52,0,0.587786665,8
52,0,0.262364264,8
52,0,1.722766598,8
52,0,-0.693147181,8
52,0,0.78845736,8
52,0,0.182321557,8
52,0,-0.223143551,8
52,0,-1.203972804,8
52,0,-0.105360516,8
52,0,-1.609437912,8
52,0,0.916290732,8
52,0,0.741937345,8
52,0,0.405465108,8
52,0,-0.693147181,8
52,0,1.481604541,8
52,1,-0.105360516,8
52,0,0.182321557,8
52,1,-0.356674944,8
52,0,-0.693147181,8
52,0,1.098612289,8
53,0,2.797281335,8
53,0,1.960094784,8
53,0,0.832909123,8
53,0,1.931521412,8
53,1,-0.693147181,8
53,0,-0.693147181,8
53,0,-0.223143551,8
53,0,2.208274414,8
54,0,1.410986974,8
54,0,0.587786665,8
54,0,5.425830687,8
54,0,0.587786665,8
54,1,1.704748092,8
54,0,1.280933845,8
54,0,1.193922468,8
54,0,5.109575242,8
54,0,1.098612289,8
54,0,1.504077397,8
54,0,1.098612289,8
54,0,-0.916290732,8
55,0,0.182321557,8
55,1,-0.510825624,8
55,0,3.990834186,8
55,1,2.2300144,8
55,0,1.62924054,8
55,0,0.875468737,8
55,0,2.066862759,8
55,0,3.299533728,8
55,1,0.336472237,8
55,1,3.756538103,8
55,0,0.09531018,8
55,0,3.645449896,8
55,0,-0.510825624,8
55,0,-1.203972804,8
55,0,-0.916290732,8
55,0,2.00148,8
55,0,0.832909123,8
55,0,2.928523524,8
55,0,2.054123734,8
55,0,3.779633817,8
55,0,0.336472237,8
55,0,0.78845736,8
55,0,1.360976553,8
55,1,1.526056303,8
55,0,0.262364264,8
55,0,0.587786665,8
55,0,2.332143895,8
55,0,3.73289634,8
55,0,2.041220329,8
55,0,2.174751721,8
55,1,1.504077397,8
55,0,4.295923936,8
56,0,-0.356674944,8
56,0,2.653241965,8
56,0,2.041220329,8
56,0,2.116255515,8
56,0,0.693147181,8
56,0,3.899950424,8
57,0,0.587786665,9
57,0,1.386294361,9
57,0,1.029619417,9
57,0,-0.916290732,9
57,0,-0.223143551,9
57,1,0.09531018,9
57,0,0.641853886,9
57,0,1.252762968,9
57,0,1.16315081,9
57,0,1.16315081,9
57,0,1.410986974,9
57,0,0.78845736,9
57,0,1.098612289,9
57,0,0.693147181,9
57,0,1.945910149,9
57,0,3.295836866,9
57,0,2.388762789,9
57,0,-2.302585093,9
57,0,0.182321557,9
57,0,0.09531018,9
57,0,0.336472237,9
57,0,1.064710737,9
58,0,1.808288771,9
59,0,0.693147181,9
59,0,1.064710737,9
59,1,0.09531018,9
59,1,-0.510825624,9
59,0,0.336472237,9
59,0,0.955511445,9
59,0,2.351375257,9
59,0,-0.105360516,9
59,0,0.993251773,9
59,1,0.955511445,9
59,0,1.871802177,9
59,0,0.78845736,9
59,0,2.433613355,9
59,0,1.667706821,9
59,0,1.667706821,9
59,0,2.694627181,9
59,0,2.856470206,9
59,0,0.693147181,9
59,0,-0.223143551,9
59,0,-0.223143551,9
60,1,-0.223143551,9
60,0,0.78845736,9
60,0,1.589235205,9
60,0,-0.223143551,9
60,0,1.435084525,9
60,0,4.249922794,9
60,0,-0.356674944,9
60,0,1.223775432,9
60,1,-1.203972804,9
60,1,-0.356674944,9
60,0,0,9
60,0,0.470003629,9
60,0,2.00148,9
60,0,1.757857918,9
60,0,0.875468737,9
60,0,1.193922468,9
60,0,0.470003629,9
60,0,-0.356674944,9
60,1,3.317815773,9
60,0,3.148453361,9
60,0,-0.510825624,9
60,0,0.470003629,9
60,0,1.435084525,9
60,1,-1.203972804,9
60,0,3.126760536,9
60,0,0.470003629,9
60,0,-0.510825624,9
60,0,3.881563798,9
60,0,0.182321557,9
61,0,0.693147181,9
61,0,1.902107526,9
61,0,2.525728644,9
61,0,1.902107526,9
61,1,0,9
61,0,2.208274414,9
61,0,2.442347035,9
61,0,5.482304203,9
62,0,0.693147181,9
62,0,0.470003629,9
62,0,0.916290732,9
62,0,3.860729711,9
62,0,2.912350665,9
62,0,0.336472237,9
62,0,-0.356674944,9
62,0,0.530628251,9
62,0,2.00148,9
62,0,2.653241965,9
62,0,3.113515309,9
62,0,1.386294361,9
62,0,1.131402111,9
62,0,1.098612289,9
62,0,2.014903021,9
62,1,-1.203972804,9
62,0,0.832909123,9
62,0,2.32238772,9
62,0,1.064710737,9
62,1,1.16315081,9
62,0,0.405465108,9
62,1,-0.105360516,9
62,0,1.458615023,9
62,1,0.405465108,9
62,0,0.336472237,9
62,0,0.09531018,9
63,0,1.223775432,9
63,1,-0.510825624,9
63,0,1.931521412,9
63,0,-0.693147181,9
63,1,-1.203972804,9
63,0,0.587786665,9
63,0,-0.105360516,9
63,0,-0.223143551,9
63,0,3.39785848,9
63,0,2.219203484,9
63,0,-0.223143551,9
63,0,2.041220329,9
63,0,2.116255515,9
63,0,0.832909123,9
63,0,0.336472237,9
64,1,0.587786665,10
64,0,0.78845736,10
64,0,0.470003629,10
64,0,0.587786665,10
64,0,0.336472237,10
64,0,0.641853886,10
64,0,-0.693147181,10
64,0,0.875468737,10
64,0,0.587786665,10
64,0,0.405465108,10
64,0,0.405465108,10
64,0,0.470003629,10
64,0,0.587786665,10
64,0,-0.223143551,10
64,0,3.020424886,10
64,0,1.435084525,10
64,0,-0.693147181,10
64,0,2.610069793,10
64,0,0.530628251,10
64,0,0.587786665,10
64,0,1.280933845,10
64,0,0.182321557,10
64,0,2.493205453,10
64,0,0.470003629,10
64,0,0.470003629,10
64,0,1.887069649,10
64,0,0.262364264,10
64,0,0.182321557,10
64,0,1.887069649,10
64,0,1.360976553,10
64,0,2.282382386,10
64,0,1.252762968,10
64,0,-2.302585093,10
64,0,0.78845736,10
64,0,2.2300144,10
64,0,0.741937345,10
64,0,0.741937345,10
64,0,1.704748092,10
64,0,1.098612289,10
64,0,0.262364264,10
64,1,-2.302585093,10
64,0,0.955511445,10
64,0,0.182321557,10
64,1,2.610069793,10
64,0,1.064710737,10
65,0,0.641853886,10
65,1,1.547562509,10
65,0,1.648658626,10
65,0,0.587786665,10
65,0,2.151762203,10
65,0,1.504077397,10
65,0,0.262364264,10
65,0,0.336472237,10
65,0,0.641853886,10
65,0,0.993251773,10
65,1,-0.510825624,10
65,0,-0.510825624,10
65,0,2.57261223,10
65,0,1.589235205,10
65,1,-1.609437912,10
65,0,0.09531018,10
65,0,-0.105360516,10
65,0,0.182321557,10
65,0,0,10
65,1,-1.609437912,10
65,0,-0.105360516,10
65,1,-0.916290732,10
65,0,1.131402111,10
65,0,0.262364264,10
65,0,0.78845736,10
65,0,0.182321557,10
65,0,3.126760536,10
65,0,-0.356674944,10
65,1,-1.203972804,10
65,0,-2.302585093,10
65,0,0.405465108,10
66,0,0.641853886,10
66,0,2.282382386,10
66,0,0.741937345,10
66,0,0.336472237,10
66,0,-0.223143551,10
66,0,0.530628251,10
66,0,0.641853886,10
66,0,-0.105360516,10
66,0,0.09531018,10
66,0,1.791759469,10
66,0,1.916922612,10
66,0,1.029619417,10
66,0,-0.105360516,10
66,0,2.140066163,10
66,0,1.458615023,10
66,0,0.09531018,10
66,0,1.335001067,10
66,0,1.547562509,10
66,0,2.653241965,10
66,0,1.458615023,10
66,0,1.193922468,10
66,0,1.85629799,10
66,0,1.064710737,10
66,0,1.16315081,10
66,0,2.32238772,10
66,0,0,10
66,0,1.62924054,10
66,0,2.00148,10
66,0,-0.356674944,10
66,1,0.741937345,10
66,0,2.219203484,10
66,0,-0.916290732,10
66,0,0.741937345,10
66,0,0.530628251,10
66,0,1.064710737,10
66,0,-0.105360516,10
66,0,2.028148247,10
66,0,-0.105360516,10
66,0,3.535145354,10
66,0,-0.105360516,10
66,0,1.704748092,10
66,0,0.741937345,10
66,0,2.451005098,10
66,0,-2.302585093,10
66,0,2.292534757,10
66,0,1.30833282,10
66,0,1.410986974,10
66,0,2.360854001,10
66,1,1.252762968,10
66,0,0.530628251,10
66,0,2.140066163,10
66,0,0.832909123,10
66,1,0.530628251,10
66,0,0.262364264,10
66,1,1.280933845,10
66,0,1.193922468,10
66,0,-0.693147181,10
66,0,0.09531018,10
66,0,1.589235205,10
66,0,0,10
66,0,0.470003629,10
66,0,1.481604541,10
66,0,1.887069649,10
66,0,0.336472237,10
66,0,0.336472237,10
66,0,0.336472237,10
66,0,1.824549292,10
66,0,1.280933845,10
67,0,0.530628251,10
67,0,0.78845736,10
67,0,0.641853886,10
67,0,1.16315081,10
67,0,0.336472237,10
67,0,0.405465108,10
67,0,-0.356674944,10
67,0,0.916290732,10
67,0,0.587786665,10
67,0,0.693147181,10
67,0,0.470003629,10
67,0,3.854393893,10
68,0,2.163323026,10
68,1,2.433613355,10
68,0,1.458615023,10
68,0,-0.223143551,10
68,0,2.151762203,10
68,1,2.509599262,10
68,0,0.405465108,10
68,0,3.61361697,10
68,0,1.740466175,10
68,0,1.568615918,10
68,0,2.186051277,10
68,0,2.93385687,10
68,0,1.193922468,10
68,0,0.405465108,10
68,0,4.197201948,10
68,0,1.098612289,10
68,0,1.589235205,10
68,0,2.93385687,10
68,0,5.047288612,10
68,0,0.587786665,10
68,0,1.064710737,10
68,0,4.529368473,10
68,0,-0.105360516,10
68,0,0.336472237,10
68,1,-0.105360516,10
68,0,1.064710737,10
68,0,2.240709689,10
68,0,0.78845736,10
68,0,3.113515309,10
68,0,2.549445171,10
68,0,3.832979798,10
68,0,2.104134154,10
68,0,2.541601993,10
68,0,3.19047635,10
68,0,1.667706821,10
68,0,3.517497837,10
68,0,1.887069649,10
68,1,1.029619417,10
68,0,4.027135813,10
68,0,1.458615023,10
68,0,1.16315081,10
68,0,1.887069649,10
68,0,1.902107526,10
68,0,1.335001067,10
68,0,2.617395833,10
68,0,1.386294361,10
68,0,0.875468737,10
68,0,2.251291799,10
68,0,4.228292535,10
68,0,1.589235205,10
68,0,1.064710737,10
68,0,2.602689685,10
68,0,3.169685581,10
68,0,2.995732274,10
68,0,0.182321557,10
68,0,1.648658626,10
68,0,1.360976553,10
68,0,3.42751469,10
68,1,2.116255515,10
68,1,1.871802177,10
68,0,1.945910149,10
68,0,2.646174797,10
68,0,1.648658626,10
68,0,0.336472237,10
68,0,3.068052935,10
68,0,3.054001182,10
